Using pre-set license
Built from '2022.3/staging' branch; Version is '2022.3.42f1 (2dcb6a0abc42) revision 3001194'; Using compiler version '192829333'; Build Type 'Release'
OS: 'Windows 10  (10.0.19045) 64bit Professional' Language: 'tr' Physical Memory: 16334 MB
BatchMode: 1, IsHumanControllingUs: 0, StartBugReporterOnCrash: 0, Is64bit: 1, IsPro: 1

COMMAND LINE ARGUMENTS:
C:\Program Files\Unity\Hub\Editor\2022.3.42f1-x86_64\Editor\Unity.exe
-adb2
-batchMode
-noUpm
-name
AssetImportWorker1
-projectPath
C:/Users/celil/OneDrive/Belgeler/GitHub/Car-sale-system-case/Car Sale System Case
-logFile
Logs/AssetImportWorker1.log
-srvPort
62377
Successfully changed project path to: C:/Users/celil/OneDrive/Belgeler/GitHub/Car-sale-system-case/Car Sale System Case
C:/Users/celil/OneDrive/Belgeler/GitHub/Car-sale-system-case/Car Sale System Case
[UnityMemory] Configuration Parameters - Can be set up in boot.config
    "memorysetup-bucket-allocator-granularity=16"
    "memorysetup-bucket-allocator-bucket-count=8"
    "memorysetup-bucket-allocator-block-size=33554432"
    "memorysetup-bucket-allocator-block-count=8"
    "memorysetup-main-allocator-block-size=16777216"
    "memorysetup-thread-allocator-block-size=16777216"
    "memorysetup-gfx-main-allocator-block-size=16777216"
    "memorysetup-gfx-thread-allocator-block-size=16777216"
    "memorysetup-cache-allocator-block-size=4194304"
    "memorysetup-typetree-allocator-block-size=2097152"
    "memorysetup-profiler-bucket-allocator-granularity=16"
    "memorysetup-profiler-bucket-allocator-bucket-count=8"
    "memorysetup-profiler-bucket-allocator-block-size=33554432"
    "memorysetup-profiler-bucket-allocator-block-count=8"
    "memorysetup-profiler-allocator-block-size=16777216"
    "memorysetup-profiler-editor-allocator-block-size=1048576"
    "memorysetup-temp-allocator-size-main=16777216"
    "memorysetup-job-temp-allocator-block-size=2097152"
    "memorysetup-job-temp-allocator-block-size-background=1048576"
    "memorysetup-job-temp-allocator-reduction-small-platforms=262144"
    "memorysetup-allocator-temp-initial-block-size-main=262144"
    "memorysetup-allocator-temp-initial-block-size-worker=262144"
    "memorysetup-temp-allocator-size-background-worker=32768"
    "memorysetup-temp-allocator-size-job-worker=262144"
    "memorysetup-temp-allocator-size-preload-manager=33554432"
    "memorysetup-temp-allocator-size-nav-mesh-worker=65536"
    "memorysetup-temp-allocator-size-audio-worker=65536"
    "memorysetup-temp-allocator-size-cloud-worker=32768"
    "memorysetup-temp-allocator-size-gi-baking-worker=262144"
    "memorysetup-temp-allocator-size-gfx=262144"
Player connection [10444]  Target information:

Player connection [10444]  * "[IP] 172.16.0.2 [Port] 0 [Flags] 2 [Guid] 1622778454 [EditorId] 1622778454 [Version] 1048832 [Id] WindowsEditor(7,DESKTOP-HT1N6QB) [Debug] 1 [PackageName] WindowsEditor [ProjectName] Editor" 

Player connection [10444]  * "[IP] 192.168.1.167 [Port] 0 [Flags] 2 [Guid] 1622778454 [EditorId] 1622778454 [Version] 1048832 [Id] WindowsEditor(7,DESKTOP-HT1N6QB) [Debug] 1 [PackageName] WindowsEditor [ProjectName] Editor" 

Player connection [10444] Host joined multi-casting on [225.0.0.222:54997]...
Player connection [10444] Host joined alternative multi-casting on [225.0.0.222:34997]...
[PhysX] Initialized MultithreadedTaskDispatcher with 12 workers.
Refreshing native plugins compatible for Editor in 18.06 ms, found 3 plugins.
Preloading 0 native plugins for Editor in 0.00 ms.
Initialize engine version: 2022.3.42f1 (2dcb6a0abc42)
[Subsystems] Discovering subsystems at path C:/Program Files/Unity/Hub/Editor/2022.3.42f1-x86_64/Editor/Data/Resources/UnitySubsystems
[Subsystems] Discovering subsystems at path C:/Users/celil/OneDrive/Belgeler/GitHub/Car-sale-system-case/Car Sale System Case/Assets
GfxDevice: creating device client; threaded=0; jobified=0
Direct3D:
    Version:  Direct3D 11.0 [level 11.1]
    Renderer: Radeon RX 580 Series (ID=0x67df)
    Vendor:   ATI
    VRAM:     8170 MB
    Driver:   31.0.21921.1000
Shader Hidden/ProbeVolume/VoxelizeScene is not supported: GPU does not support conservative rasterization
Initialize mono
Mono path[0] = 'C:/Program Files/Unity/Hub/Editor/2022.3.42f1-x86_64/Editor/Data/Managed'
Mono path[1] = 'C:/Program Files/Unity/Hub/Editor/2022.3.42f1-x86_64/Editor/Data/MonoBleedingEdge/lib/mono/unityjit-win32'
Mono config path = 'C:/Program Files/Unity/Hub/Editor/2022.3.42f1-x86_64/Editor/Data/MonoBleedingEdge/etc'
Using monoOptions --debugger-agent=transport=dt_socket,embedding=1,server=y,suspend=n,address=127.0.0.1:56760
Begin MonoManager ReloadAssembly
Registering precompiled unity dll's ...
Register platform support module: C:/Program Files/Unity/Hub/Editor/2022.3.42f1-x86_64/Editor/Data/PlaybackEngines/AndroidPlayer/UnityEditor.Android.Extensions.dll
Register platform support module: C:/Program Files/Unity/Hub/Editor/2022.3.42f1-x86_64/Editor/Data/PlaybackEngines/iOSSupport/UnityEditor.iOS.Extensions.dll
Register platform support module: C:/Program Files/Unity/Hub/Editor/2022.3.42f1-x86_64/Editor/Data/PlaybackEngines/WindowsStandaloneSupport/UnityEditor.WindowsStandalone.Extensions.dll
Registered in 0.014630 seconds.
- Loaded All Assemblies, in  0.448 seconds
Native extension for WindowsStandalone target not found
[usbmuxd] Start listen thread
[usbmuxd] Listen thread started
Native extension for iOS target not found
Native extension for Android target not found
Android Extension - Scanning For ADB Devices 242 ms
Mono: successfully reloaded assembly
- Finished resetting the current domain, in  0.605 seconds
Domain Reload Profiling: 1051ms
	BeginReloadAssembly (113ms)
		ExecutionOrderSort (0ms)
		DisableScriptedObjects (0ms)
		BackupInstance (0ms)
		ReleaseScriptingObjects (0ms)
		CreateAndSetChildDomain (1ms)
	RebuildCommonClasses (33ms)
	RebuildNativeTypeToScriptingClass (11ms)
	initialDomainReloadingComplete (69ms)
	LoadAllAssembliesAndSetupDomain (220ms)
		LoadAssemblies (111ms)
		RebuildTransferFunctionScriptingTraits (0ms)
		AnalyzeDomain (217ms)
			TypeCache.Refresh (215ms)
				TypeCache.ScanAssembly (198ms)
			ScanForSourceGeneratedMonoScriptInfo (0ms)
			ResolveRequiredComponents (0ms)
	FinalizeReload (605ms)
		ReleaseScriptCaches (0ms)
		RebuildScriptCaches (0ms)
		SetupLoadedEditorAssemblies (562ms)
			LogAssemblyErrors (0ms)
			InitializePlatformSupportModulesInManaged (400ms)
			SetLoadedEditorAssemblies (3ms)
			RefreshPlugins (0ms)
			BeforeProcessingInitializeOnLoad (2ms)
			ProcessInitializeOnLoadAttributes (113ms)
			ProcessInitializeOnLoadMethodAttributes (43ms)
			AfterProcessingInitializeOnLoad (0ms)
			EditorAssembliesLoaded (0ms)
		ExecutionOrderSort2 (0ms)
		AwakeInstancesAfterBackupRestoration (0ms)
========================================================================
Worker process is ready to serve import requests
Caller must complete domain reload
Begin MonoManager ReloadAssembly
- Loaded All Assemblies, in  1.084 seconds
Native extension for WindowsStandalone target not found
Native extension for iOS target not found
Native extension for Android target not found
Mono: successfully reloaded assembly
- Finished resetting the current domain, in  1.134 seconds
Domain Reload Profiling: 2212ms
	BeginReloadAssembly (181ms)
		ExecutionOrderSort (0ms)
		DisableScriptedObjects (7ms)
		BackupInstance (0ms)
		ReleaseScriptingObjects (0ms)
		CreateAndSetChildDomain (21ms)
	RebuildCommonClasses (51ms)
	RebuildNativeTypeToScriptingClass (19ms)
	initialDomainReloadingComplete (57ms)
	LoadAllAssembliesAndSetupDomain (770ms)
		LoadAssemblies (541ms)
		RebuildTransferFunctionScriptingTraits (0ms)
		AnalyzeDomain (345ms)
			TypeCache.Refresh (296ms)
				TypeCache.ScanAssembly (273ms)
			ScanForSourceGeneratedMonoScriptInfo (29ms)
			ResolveRequiredComponents (18ms)
	FinalizeReload (1135ms)
		ReleaseScriptCaches (0ms)
		RebuildScriptCaches (0ms)
		SetupLoadedEditorAssemblies (944ms)
			LogAssemblyErrors (0ms)
			InitializePlatformSupportModulesInManaged (53ms)
			SetLoadedEditorAssemblies (3ms)
			RefreshPlugins (0ms)
			BeforeProcessingInitializeOnLoad (130ms)
			ProcessInitializeOnLoadAttributes (643ms)
			ProcessInitializeOnLoadMethodAttributes (104ms)
			AfterProcessingInitializeOnLoad (11ms)
			EditorAssembliesLoaded (0ms)
		ExecutionOrderSort2 (0ms)
		AwakeInstancesAfterBackupRestoration (7ms)
Shader Hidden/ProbeVolume/VoxelizeScene is not supported: GPU does not support conservative rasterization
Launched and connected shader compiler UnityShaderCompiler.exe after 0.07 seconds
Refreshing native plugins compatible for Editor in 8.63 ms, found 3 plugins.
Preloading 0 native plugins for Editor in 0.00 ms.
Unloading 5870 Unused Serialized files (Serialized files now loaded: 0)
Unloading 49 unused Assets / (0.8 MB). Loaded Objects now: 6375.
Memory consumption went from 224.2 MB to 223.5 MB.
Total: 3.868300 ms (FindLiveObjects: 0.476400 ms CreateObjectMapping: 0.160200 ms MarkObjects: 2.847700 ms  DeleteObjects: 0.383100 ms)

AssetImportParameters requested are different than current active one (requested -> active):
  custom:container-demuxer-ogg: 62fdf1f143b41e24485cea50d1cbac27 -> 
  custom:video-codec-MediaFoundation-h265: e54d7ab0439102e2317fc1e4b246158d -> 
  custom:video-decoder-ogg-theora: a1e56fd34408186e4bbccfd4996cb3dc -> 
  custom:framework-win-MediaFoundation: 216162199b28c13a410421893ffa2e32 -> 
  custom:CustomObjectIndexerAttribute: 72b91833f83ae208fae7752999fa3104 -> 
  custom:container-demuxer-webm: 4f35f7cbe854078d1ac9338744f61a02 -> 
  custom:container-muxer-webm: aa71ff27fc2769a1b78a27578f13a17b -> 
  custom:video-decoder-webm-vp8: 9c59270c3fd7afecdb556c50c9e8de78 -> 
  custom:SearchIndexIgnoredProperties: e643bd26f0fe6173181afceb89e7c659 -> 
  custom:AudioImporter_EditorPlatform: d09bf68614088b80899f8185d706f6e7 -> 
  custom:video-encoder-webm-vp8: eb34c28f22e8b96e1ab97ce403110664 -> 
  custom:audio-decoder-ogg-vorbis: bf7c407c2cedff20999df2af8eb42d56 -> 
  custom:audio-encoder-webm-vorbis: bf7c407c2cedff20999df2af8eb42d56 -> 
  custom:scripting/precompiled-assembly-types:Assembly-CSharp: 628e46b4c3b9cb448b4d5a742f6f41b0 -> d9b5b4461d8615cbdf8fc8a1ee4f9597
  custom:scripting/monoscript/fileName/PlayerInteraction.cs:  -> 9a4c446a8ff47cb9e05e946b721d1f28
========================================================================
Received Prepare
Caller must complete domain reload
Begin MonoManager ReloadAssembly
- Loaded All Assemblies, in  0.625 seconds
Native extension for WindowsStandalone target not found
Native extension for iOS target not found
Native extension for Android target not found
Mono: successfully reloaded assembly
- Finished resetting the current domain, in  1.359 seconds
Domain Reload Profiling: 1978ms
	BeginReloadAssembly (175ms)
		ExecutionOrderSort (0ms)
		DisableScriptedObjects (5ms)
		BackupInstance (0ms)
		ReleaseScriptingObjects (0ms)
		CreateAndSetChildDomain (42ms)
	RebuildCommonClasses (33ms)
	RebuildNativeTypeToScriptingClass (12ms)
	initialDomainReloadingComplete (38ms)
	LoadAllAssembliesAndSetupDomain (362ms)
		LoadAssemblies (427ms)
		RebuildTransferFunctionScriptingTraits (0ms)
		AnalyzeDomain (25ms)
			TypeCache.Refresh (7ms)
				TypeCache.ScanAssembly (0ms)
			ScanForSourceGeneratedMonoScriptInfo (0ms)
			ResolveRequiredComponents (16ms)
	FinalizeReload (1359ms)
		ReleaseScriptCaches (0ms)
		RebuildScriptCaches (0ms)
		SetupLoadedEditorAssemblies (578ms)
			LogAssemblyErrors (0ms)
			InitializePlatformSupportModulesInManaged (40ms)
			SetLoadedEditorAssemblies (3ms)
			RefreshPlugins (0ms)
			BeforeProcessingInitializeOnLoad (90ms)
			ProcessInitializeOnLoadAttributes (373ms)
			ProcessInitializeOnLoadMethodAttributes (62ms)
			AfterProcessingInitializeOnLoad (10ms)
			EditorAssembliesLoaded (0ms)
		ExecutionOrderSort2 (0ms)
		AwakeInstancesAfterBackupRestoration (5ms)
Shader Hidden/ProbeVolume/VoxelizeScene is not supported: GPU does not support conservative rasterization
Refreshing native plugins compatible for Editor in 8.70 ms, found 3 plugins.
Preloading 0 native plugins for Editor in 0.00 ms.
Unloading 5783 Unused Serialized files (Serialized files now loaded: 0)
Unloading 30 unused Assets / (0.8 MB). Loaded Objects now: 6390.
Memory consumption went from 204.0 MB to 203.3 MB.
Total: 4.724700 ms (FindLiveObjects: 0.668800 ms CreateObjectMapping: 0.462600 ms MarkObjects: 3.210100 ms  DeleteObjects: 0.381700 ms)

Prepare: number of updated asset objects reloaded= 0
AssetImportParameters requested are different than current active one (requested -> active):
  custom:container-demuxer-ogg: 62fdf1f143b41e24485cea50d1cbac27 -> 
  custom:video-codec-MediaFoundation-h265: e54d7ab0439102e2317fc1e4b246158d -> 
  custom:video-decoder-ogg-theora: a1e56fd34408186e4bbccfd4996cb3dc -> 
  custom:framework-win-MediaFoundation: 216162199b28c13a410421893ffa2e32 -> 
  custom:CustomObjectIndexerAttribute: 72b91833f83ae208fae7752999fa3104 -> 
  custom:container-demuxer-webm: 4f35f7cbe854078d1ac9338744f61a02 -> 
  custom:container-muxer-webm: aa71ff27fc2769a1b78a27578f13a17b -> 
  custom:video-decoder-webm-vp8: 9c59270c3fd7afecdb556c50c9e8de78 -> 
  custom:SearchIndexIgnoredProperties: e643bd26f0fe6173181afceb89e7c659 -> 
  custom:AudioImporter_EditorPlatform: d09bf68614088b80899f8185d706f6e7 -> 
  custom:video-encoder-webm-vp8: eb34c28f22e8b96e1ab97ce403110664 -> 
  custom:audio-decoder-ogg-vorbis: bf7c407c2cedff20999df2af8eb42d56 -> 
  custom:audio-encoder-webm-vorbis: bf7c407c2cedff20999df2af8eb42d56 -> 
========================================================================
Received Import Request.
  Time since last request: 649584.253433 seconds.
  path: Assets/Scripts/PlayerInteraction.cs
  artifactKey: Guid(48b0fbacf7a4747489b1ca3bf5fdab63) Importer(815301076,1909f56bfc062723c751e8b465ee728b)
Start importing Assets/Scripts/PlayerInteraction.cs using Guid(48b0fbacf7a4747489b1ca3bf5fdab63) Importer(815301076,1909f56bfc062723c751e8b465ee728b) [PhysX] Initialized MultithreadedTaskDispatcher with 12 workers.
 -> (artifact id: '0af559e98a250e1888f559ee4e5f1c90') in 0.008883 seconds
Number of updated asset objects reloaded before import = 0
Number of asset objects unloaded after import = 0
========================================================================
Received Prepare
Caller must complete domain reload
Begin MonoManager ReloadAssembly
- Loaded All Assemblies, in  0.618 seconds
Native extension for WindowsStandalone target not found
Native extension for iOS target not found
Native extension for Android target not found
Mono: successfully reloaded assembly
- Finished resetting the current domain, in  1.412 seconds
Domain Reload Profiling: 2023ms
	BeginReloadAssembly (150ms)
		ExecutionOrderSort (0ms)
		DisableScriptedObjects (3ms)
		BackupInstance (0ms)
		ReleaseScriptingObjects (0ms)
		CreateAndSetChildDomain (31ms)
	RebuildCommonClasses (32ms)
	RebuildNativeTypeToScriptingClass (11ms)
	initialDomainReloadingComplete (37ms)
	LoadAllAssembliesAndSetupDomain (382ms)
		LoadAssemblies (416ms)
		RebuildTransferFunctionScriptingTraits (0ms)
		AnalyzeDomain (48ms)
			TypeCache.Refresh (11ms)
				TypeCache.ScanAssembly (2ms)
			ScanForSourceGeneratedMonoScriptInfo (22ms)
			ResolveRequiredComponents (13ms)
	FinalizeReload (1413ms)
		ReleaseScriptCaches (0ms)
		RebuildScriptCaches (0ms)
		SetupLoadedEditorAssemblies (545ms)
			LogAssemblyErrors (0ms)
			InitializePlatformSupportModulesInManaged (36ms)
			SetLoadedEditorAssemblies (3ms)
			RefreshPlugins (0ms)
			BeforeProcessingInitializeOnLoad (92ms)
			ProcessInitializeOnLoadAttributes (345ms)
			ProcessInitializeOnLoadMethodAttributes (57ms)
			AfterProcessingInitializeOnLoad (11ms)
			EditorAssembliesLoaded (0ms)
		ExecutionOrderSort2 (0ms)
		AwakeInstancesAfterBackupRestoration (7ms)
Shader Hidden/ProbeVolume/VoxelizeScene is not supported: GPU does not support conservative rasterization
Refreshing native plugins compatible for Editor in 6.55 ms, found 3 plugins.
Preloading 0 native plugins for Editor in 0.00 ms.
Unloading 5782 Unused Serialized files (Serialized files now loaded: 0)
Unloading 30 unused Assets / (0.8 MB). Loaded Objects now: 6405.
Memory consumption went from 203.8 MB to 203.0 MB.
Total: 3.643600 ms (FindLiveObjects: 0.457200 ms CreateObjectMapping: 0.156000 ms MarkObjects: 2.563000 ms  DeleteObjects: 0.466500 ms)

Prepare: number of updated asset objects reloaded= 0
AssetImportParameters requested are different than current active one (requested -> active):
  custom:scripting/monoscript/fileName/DOTweenModuleUtils.cs: 15d48e09d39dac1c10cb90ce412479e2 -> 38034ef06fb9b5354f8031bb85ea45ff
  custom:container-demuxer-ogg: 62fdf1f143b41e24485cea50d1cbac27 -> 
  custom:scripting/monoscript/fileName/DOTweenPreviewManager.cs: 1f9ce376c2c8495fb72902afee550122 -> 6704a79409e29b4269b1101c34c01cae
  custom:scripting/monoscript/fileName/DOTweenAnimation.cs: 90b45a4272fbde2a29c3ff3569966d7a -> 4a5a560491b0dd6a8d490a6dbba57b66
  custom:video-codec-MediaFoundation-h265: e54d7ab0439102e2317fc1e4b246158d -> 
  custom:scripting/monoscript/fileName/DOTweenAnimationInspector.cs: 5e65346a488769de5beba36b681f2618 -> e27a09f17535690c994d7a0dd75cccb7
  custom:video-decoder-ogg-theora: a1e56fd34408186e4bbccfd4996cb3dc -> 
  custom:scripting/monoscript/fileName/DOTweenModuleUnityVersion.cs: e97169575460a7f2fc37c29fb9fd6cd8 -> 9ffd9acf63f9ee240a8629c063d5ab55
  custom:scripting/monoscript/fileName/DOTweenModuleUI.cs: f3e579cd0427a2bcd02c4d01a7f51c0c -> 654d9cd56dfcd95536bd076e934e53a9
  custom:framework-win-MediaFoundation: 216162199b28c13a410421893ffa2e32 -> 
  custom:CustomObjectIndexerAttribute: 72b91833f83ae208fae7752999fa3104 -> 
  custom:container-demuxer-webm: 4f35f7cbe854078d1ac9338744f61a02 -> 
  custom:container-muxer-webm: aa71ff27fc2769a1b78a27578f13a17b -> 
  custom:video-decoder-webm-vp8: 9c59270c3fd7afecdb556c50c9e8de78 -> 
  custom:SearchIndexIgnoredProperties: e643bd26f0fe6173181afceb89e7c659 -> 
  custom:AudioImporter_EditorPlatform: d09bf68614088b80899f8185d706f6e7 -> 
  custom:scripting/monoscript/fileName/DOTweenModuleAudio.cs: 3a1650e4f25acb6584c9510b5731ad7a -> f44ff7195fa3a78ebfe99f449d7e78e1
  custom:scripting/monoscript/fileName/DOTweenModulePhysics2D.cs: 93666b7e0342e2a0b1e34423f396c80e -> 173b1ffc50b5696b426bbe7350c14fc4
  custom:scripting/monoscript/fileName/DOTweenProShortcuts.cs: a0b0a87a6193e0706b5ad52d2144510e -> 90c7810f0d7504d6faad12dc67a3f8a8
  custom:scripting/monoscript/fileName/DOTweenModuleSprite.cs: 4597ff41968f9021edf014b8883e0dc2 -> 4b5018ebeb8cf37efb36ac1d94ed5a4d
  custom:video-encoder-webm-vp8: eb34c28f22e8b96e1ab97ce403110664 -> 
  custom:scripting/monoscript/fileName/DOTweenModulePhysics.cs: 09f5e4e694df330fd06c28d7c75e118d -> aff02123f5421112b27a1e25686d3abc
  custom:audio-decoder-ogg-vorbis: bf7c407c2cedff20999df2af8eb42d56 -> 
  custom:audio-encoder-webm-vorbis: bf7c407c2cedff20999df2af8eb42d56 -> 
  custom:scripting/precompiled-assembly-types:Assembly-CSharp-Editor: 0b2489d4c72c66c483fd231a05ed7488 -> 7d5ffc5f4dd6bf54e85c3172501e2702
  custom:scripting/precompiled-assembly-types:Assembly-CSharp: 6b60726c6ca63060a819b153e28c00a8 -> d9b5b4461d8615cbdf8fc8a1ee4f9597
========================================================================
Received Prepare
Caller must complete domain reload
Begin MonoManager ReloadAssembly
- Loaded All Assemblies, in  0.615 seconds
Native extension for WindowsStandalone target not found
Native extension for iOS target not found
Native extension for Android target not found
Mono: successfully reloaded assembly
- Finished resetting the current domain, in  1.258 seconds
Domain Reload Profiling: 1867ms
	BeginReloadAssembly (146ms)
		ExecutionOrderSort (0ms)
		DisableScriptedObjects (3ms)
		BackupInstance (0ms)
		ReleaseScriptingObjects (0ms)
		CreateAndSetChildDomain (31ms)
	RebuildCommonClasses (31ms)
	RebuildNativeTypeToScriptingClass (11ms)
	initialDomainReloadingComplete (34ms)
	LoadAllAssembliesAndSetupDomain (385ms)
		LoadAssemblies (415ms)
		RebuildTransferFunctionScriptingTraits (0ms)
		AnalyzeDomain (48ms)
			TypeCache.Refresh (11ms)
				TypeCache.ScanAssembly (2ms)
			ScanForSourceGeneratedMonoScriptInfo (23ms)
			ResolveRequiredComponents (13ms)
	FinalizeReload (1258ms)
		ReleaseScriptCaches (0ms)
		RebuildScriptCaches (0ms)
		SetupLoadedEditorAssemblies (558ms)
			LogAssemblyErrors (0ms)
			InitializePlatformSupportModulesInManaged (41ms)
			SetLoadedEditorAssemblies (3ms)
			RefreshPlugins (0ms)
			BeforeProcessingInitializeOnLoad (93ms)
			ProcessInitializeOnLoadAttributes (351ms)
			ProcessInitializeOnLoadMethodAttributes (58ms)
			AfterProcessingInitializeOnLoad (12ms)
			EditorAssembliesLoaded (0ms)
		ExecutionOrderSort2 (0ms)
		AwakeInstancesAfterBackupRestoration (7ms)
Shader Hidden/ProbeVolume/VoxelizeScene is not supported: GPU does not support conservative rasterization
Refreshing native plugins compatible for Editor in 5.90 ms, found 3 plugins.
Preloading 0 native plugins for Editor in 0.00 ms.
Unloading 5783 Unused Serialized files (Serialized files now loaded: 0)
Unloading 30 unused Assets / (0.8 MB). Loaded Objects now: 6420.
Memory consumption went from 204.1 MB to 203.3 MB.
Total: 3.452900 ms (FindLiveObjects: 0.467400 ms CreateObjectMapping: 0.163800 ms MarkObjects: 2.495200 ms  DeleteObjects: 0.325800 ms)

Prepare: number of updated asset objects reloaded= 0
AssetImportParameters requested are different than current active one (requested -> active):
  custom:scripting/monoscript/fileName/DOTweenModuleUtils.cs: 15d48e09d39dac1c10cb90ce412479e2 -> 38034ef06fb9b5354f8031bb85ea45ff
  custom:container-demuxer-ogg: 62fdf1f143b41e24485cea50d1cbac27 -> 
  custom:scripting/monoscript/fileName/DOTweenPreviewManager.cs: 1f9ce376c2c8495fb72902afee550122 -> 6704a79409e29b4269b1101c34c01cae
  custom:scripting/monoscript/fileName/DOTweenAnimation.cs: 90b45a4272fbde2a29c3ff3569966d7a -> 4a5a560491b0dd6a8d490a6dbba57b66
  custom:video-codec-MediaFoundation-h265: e54d7ab0439102e2317fc1e4b246158d -> 
  custom:scripting/monoscript/fileName/DOTweenAnimationInspector.cs: 5e65346a488769de5beba36b681f2618 -> e27a09f17535690c994d7a0dd75cccb7
  custom:video-decoder-ogg-theora: a1e56fd34408186e4bbccfd4996cb3dc -> 
  custom:scripting/monoscript/fileName/DOTweenModuleUnityVersion.cs: e97169575460a7f2fc37c29fb9fd6cd8 -> 9ffd9acf63f9ee240a8629c063d5ab55
  custom:scripting/monoscript/fileName/DOTweenModuleUI.cs: f3e579cd0427a2bcd02c4d01a7f51c0c -> 654d9cd56dfcd95536bd076e934e53a9
  custom:framework-win-MediaFoundation: 216162199b28c13a410421893ffa2e32 -> 
  custom:scripting/monoscript/fileName/PlayerInteraction.cs: 1ab1308607cbd99e869800d93561bee4 -> 9a4c446a8ff47cb9e05e946b721d1f28
  custom:CustomObjectIndexerAttribute: 72b91833f83ae208fae7752999fa3104 -> 
  custom:container-demuxer-webm: 4f35f7cbe854078d1ac9338744f61a02 -> 
  custom:container-muxer-webm: aa71ff27fc2769a1b78a27578f13a17b -> 
  custom:video-decoder-webm-vp8: 9c59270c3fd7afecdb556c50c9e8de78 -> 
  custom:SearchIndexIgnoredProperties: e643bd26f0fe6173181afceb89e7c659 -> 
  custom:AudioImporter_EditorPlatform: d09bf68614088b80899f8185d706f6e7 -> 
  custom:scripting/monoscript/fileName/DOTweenModuleAudio.cs: 3a1650e4f25acb6584c9510b5731ad7a -> f44ff7195fa3a78ebfe99f449d7e78e1
  custom:scripting/monoscript/fileName/DOTweenModulePhysics2D.cs: 93666b7e0342e2a0b1e34423f396c80e -> 173b1ffc50b5696b426bbe7350c14fc4
  custom:scripting/monoscript/fileName/DOTweenProShortcuts.cs: a0b0a87a6193e0706b5ad52d2144510e -> 90c7810f0d7504d6faad12dc67a3f8a8
  custom:scripting/monoscript/fileName/DOTweenModuleSprite.cs: 4597ff41968f9021edf014b8883e0dc2 -> 4b5018ebeb8cf37efb36ac1d94ed5a4d
  custom:video-encoder-webm-vp8: eb34c28f22e8b96e1ab97ce403110664 -> 
  custom:scripting/monoscript/fileName/DOTweenModulePhysics.cs: 09f5e4e694df330fd06c28d7c75e118d -> aff02123f5421112b27a1e25686d3abc
  custom:audio-decoder-ogg-vorbis: bf7c407c2cedff20999df2af8eb42d56 -> 
  custom:audio-encoder-webm-vorbis: bf7c407c2cedff20999df2af8eb42d56 -> 
  custom:scripting/precompiled-assembly-types:Assembly-CSharp-Editor: 0b2489d4c72c66c483fd231a05ed7488 -> 7d5ffc5f4dd6bf54e85c3172501e2702
  custom:scripting/precompiled-assembly-types:Assembly-CSharp: 9b5ef74ff181af41af8568da591e0c8f -> d9b5b4461d8615cbdf8fc8a1ee4f9597
========================================================================
Received Prepare
Caller must complete domain reload
Begin MonoManager ReloadAssembly
- Loaded All Assemblies, in  0.616 seconds
Native extension for WindowsStandalone target not found
Native extension for iOS target not found
Native extension for Android target not found
Mono: successfully reloaded assembly
- Finished resetting the current domain, in  1.246 seconds
Domain Reload Profiling: 1857ms
	BeginReloadAssembly (150ms)
		ExecutionOrderSort (0ms)
		DisableScriptedObjects (4ms)
		BackupInstance (0ms)
		ReleaseScriptingObjects (0ms)
		CreateAndSetChildDomain (30ms)
	RebuildCommonClasses (31ms)
	RebuildNativeTypeToScriptingClass (11ms)
	initialDomainReloadingComplete (36ms)
	LoadAllAssembliesAndSetupDomain (382ms)
		LoadAssemblies (414ms)
		RebuildTransferFunctionScriptingTraits (0ms)
		AnalyzeDomain (50ms)
			TypeCache.Refresh (12ms)
				TypeCache.ScanAssembly (2ms)
			ScanForSourceGeneratedMonoScriptInfo (23ms)
			ResolveRequiredComponents (14ms)
	FinalizeReload (1247ms)
		ReleaseScriptCaches (0ms)
		RebuildScriptCaches (0ms)
		SetupLoadedEditorAssemblies (545ms)
			LogAssemblyErrors (0ms)
			InitializePlatformSupportModulesInManaged (36ms)
			SetLoadedEditorAssemblies (3ms)
			RefreshPlugins (0ms)
			BeforeProcessingInitializeOnLoad (89ms)
			ProcessInitializeOnLoadAttributes (346ms)
			ProcessInitializeOnLoadMethodAttributes (61ms)
			AfterProcessingInitializeOnLoad (10ms)
			EditorAssembliesLoaded (0ms)
		ExecutionOrderSort2 (0ms)
		AwakeInstancesAfterBackupRestoration (6ms)
Shader Hidden/ProbeVolume/VoxelizeScene is not supported: GPU does not support conservative rasterization
Refreshing native plugins compatible for Editor in 6.65 ms, found 3 plugins.
Preloading 0 native plugins for Editor in 0.00 ms.
Unloading 5783 Unused Serialized files (Serialized files now loaded: 0)
Unloading 30 unused Assets / (0.8 MB). Loaded Objects now: 6435.
Memory consumption went from 204.1 MB to 203.3 MB.
Total: 3.476500 ms (FindLiveObjects: 0.446200 ms CreateObjectMapping: 0.155300 ms MarkObjects: 2.512100 ms  DeleteObjects: 0.361500 ms)

Prepare: number of updated asset objects reloaded= 0
AssetImportParameters requested are different than current active one (requested -> active):
  custom:scripting/monoscript/fileName/DOTweenModuleUtils.cs: 15d48e09d39dac1c10cb90ce412479e2 -> 38034ef06fb9b5354f8031bb85ea45ff
  custom:container-demuxer-ogg: 62fdf1f143b41e24485cea50d1cbac27 -> 
  custom:scripting/monoscript/fileName/DOTweenPreviewManager.cs: 1f9ce376c2c8495fb72902afee550122 -> 6704a79409e29b4269b1101c34c01cae
  custom:scripting/monoscript/fileName/DOTweenAnimation.cs: 90b45a4272fbde2a29c3ff3569966d7a -> 4a5a560491b0dd6a8d490a6dbba57b66
  custom:video-codec-MediaFoundation-h265: e54d7ab0439102e2317fc1e4b246158d -> 
  custom:scripting/monoscript/fileName/DOTweenAnimationInspector.cs: 5e65346a488769de5beba36b681f2618 -> e27a09f17535690c994d7a0dd75cccb7
  custom:video-decoder-ogg-theora: a1e56fd34408186e4bbccfd4996cb3dc -> 
  custom:scripting/monoscript/fileName/DOTweenModuleUnityVersion.cs: e97169575460a7f2fc37c29fb9fd6cd8 -> 9ffd9acf63f9ee240a8629c063d5ab55
  custom:scripting/monoscript/fileName/DOTweenModuleUI.cs: f3e579cd0427a2bcd02c4d01a7f51c0c -> 654d9cd56dfcd95536bd076e934e53a9
  custom:framework-win-MediaFoundation: 216162199b28c13a410421893ffa2e32 -> 
  custom:scripting/monoscript/fileName/PlayerInteraction.cs: 34f81aa31d33fc3a503572b0f073df79 -> 9a4c446a8ff47cb9e05e946b721d1f28
  custom:CustomObjectIndexerAttribute: 72b91833f83ae208fae7752999fa3104 -> 
  custom:container-demuxer-webm: 4f35f7cbe854078d1ac9338744f61a02 -> 
  custom:container-muxer-webm: aa71ff27fc2769a1b78a27578f13a17b -> 
  custom:video-decoder-webm-vp8: 9c59270c3fd7afecdb556c50c9e8de78 -> 
  custom:SearchIndexIgnoredProperties: e643bd26f0fe6173181afceb89e7c659 -> 
  custom:AudioImporter_EditorPlatform: d09bf68614088b80899f8185d706f6e7 -> 
  custom:scripting/monoscript/fileName/DOTweenModuleAudio.cs: 3a1650e4f25acb6584c9510b5731ad7a -> f44ff7195fa3a78ebfe99f449d7e78e1
  custom:scripting/monoscript/fileName/DOTweenModulePhysics2D.cs: 93666b7e0342e2a0b1e34423f396c80e -> 173b1ffc50b5696b426bbe7350c14fc4
  custom:scripting/monoscript/fileName/DOTweenProShortcuts.cs: a0b0a87a6193e0706b5ad52d2144510e -> 90c7810f0d7504d6faad12dc67a3f8a8
  custom:scripting/monoscript/fileName/DOTweenModuleSprite.cs: 4597ff41968f9021edf014b8883e0dc2 -> 4b5018ebeb8cf37efb36ac1d94ed5a4d
  custom:video-encoder-webm-vp8: eb34c28f22e8b96e1ab97ce403110664 -> 
  custom:scripting/monoscript/fileName/DOTweenModulePhysics.cs: 09f5e4e694df330fd06c28d7c75e118d -> aff02123f5421112b27a1e25686d3abc
  custom:audio-decoder-ogg-vorbis: bf7c407c2cedff20999df2af8eb42d56 -> 
  custom:audio-encoder-webm-vorbis: bf7c407c2cedff20999df2af8eb42d56 -> 
  custom:scripting/precompiled-assembly-types:Assembly-CSharp-Editor: 0b2489d4c72c66c483fd231a05ed7488 -> 7d5ffc5f4dd6bf54e85c3172501e2702
  custom:scripting/precompiled-assembly-types:Assembly-CSharp: d29065f2cc25e3b3001764075c295c22 -> d9b5b4461d8615cbdf8fc8a1ee4f9597
========================================================================
Received Prepare
Caller must complete domain reload
Begin MonoManager ReloadAssembly
- Loaded All Assemblies, in  0.636 seconds
Native extension for WindowsStandalone target not found
Native extension for iOS target not found
Native extension for Android target not found
Mono: successfully reloaded assembly
- Finished resetting the current domain, in  1.352 seconds
Domain Reload Profiling: 1982ms
	BeginReloadAssembly (150ms)
		ExecutionOrderSort (0ms)
		DisableScriptedObjects (3ms)
		BackupInstance (0ms)
		ReleaseScriptingObjects (0ms)
		CreateAndSetChildDomain (32ms)
	RebuildCommonClasses (31ms)
	RebuildNativeTypeToScriptingClass (11ms)
	initialDomainReloadingComplete (36ms)
	LoadAllAssembliesAndSetupDomain (401ms)
		LoadAssemblies (422ms)
		RebuildTransferFunctionScriptingTraits (0ms)
		AnalyzeDomain (61ms)
			TypeCache.Refresh (15ms)
				TypeCache.ScanAssembly (3ms)
			ScanForSourceGeneratedMonoScriptInfo (29ms)
			ResolveRequiredComponents (15ms)
	FinalizeReload (1353ms)
		ReleaseScriptCaches (0ms)
		RebuildScriptCaches (0ms)
		SetupLoadedEditorAssemblies (576ms)
			LogAssemblyErrors (0ms)
			InitializePlatformSupportModulesInManaged (43ms)
			SetLoadedEditorAssemblies (3ms)
			RefreshPlugins (0ms)
			BeforeProcessingInitializeOnLoad (95ms)
			ProcessInitializeOnLoadAttributes (364ms)
			ProcessInitializeOnLoadMethodAttributes (61ms)
			AfterProcessingInitializeOnLoad (10ms)
			EditorAssembliesLoaded (0ms)
		ExecutionOrderSort2 (0ms)
		AwakeInstancesAfterBackupRestoration (5ms)
Shader Hidden/ProbeVolume/VoxelizeScene is not supported: GPU does not support conservative rasterization
Refreshing native plugins compatible for Editor in 6.45 ms, found 3 plugins.
Preloading 0 native plugins for Editor in 0.00 ms.
Unloading 5784 Unused Serialized files (Serialized files now loaded: 0)
Unloading 30 unused Assets / (0.8 MB). Loaded Objects now: 6451.
Memory consumption went from 204.0 MB to 203.3 MB.
Total: 3.736000 ms (FindLiveObjects: 0.621400 ms CreateObjectMapping: 0.171600 ms MarkObjects: 2.600100 ms  DeleteObjects: 0.341600 ms)

Prepare: number of updated asset objects reloaded= 0
AssetImportParameters requested are different than current active one (requested -> active):
  custom:scripting/monoscript/fileName/DOTweenModuleUtils.cs: 15d48e09d39dac1c10cb90ce412479e2 -> 38034ef06fb9b5354f8031bb85ea45ff
  custom:container-demuxer-ogg: 62fdf1f143b41e24485cea50d1cbac27 -> 
  custom:scripting/monoscript/fileName/DOTweenPreviewManager.cs: 1f9ce376c2c8495fb72902afee550122 -> 6704a79409e29b4269b1101c34c01cae
  custom:scripting/monoscript/fileName/DOTweenAnimation.cs: 90b45a4272fbde2a29c3ff3569966d7a -> 4a5a560491b0dd6a8d490a6dbba57b66
  custom:video-codec-MediaFoundation-h265: e54d7ab0439102e2317fc1e4b246158d -> 
  custom:scripting/monoscript/fileName/DOTweenAnimationInspector.cs: 5e65346a488769de5beba36b681f2618 -> e27a09f17535690c994d7a0dd75cccb7
  custom:video-decoder-ogg-theora: a1e56fd34408186e4bbccfd4996cb3dc -> 
  custom:scripting/monoscript/fileName/DOTweenModuleUnityVersion.cs: e97169575460a7f2fc37c29fb9fd6cd8 -> 9ffd9acf63f9ee240a8629c063d5ab55
  custom:scripting/monoscript/fileName/CarDealer.cs: 12326736e2b4355146b3fdb82e668f6a -> 
  custom:scripting/monoscript/fileName/DOTweenModuleUI.cs: f3e579cd0427a2bcd02c4d01a7f51c0c -> 654d9cd56dfcd95536bd076e934e53a9
  custom:framework-win-MediaFoundation: 216162199b28c13a410421893ffa2e32 -> 
  custom:scripting/monoscript/fileName/PlayerInteraction.cs: 34f81aa31d33fc3a503572b0f073df79 -> 9a4c446a8ff47cb9e05e946b721d1f28
  custom:CustomObjectIndexerAttribute: 72b91833f83ae208fae7752999fa3104 -> 
  custom:container-demuxer-webm: 4f35f7cbe854078d1ac9338744f61a02 -> 
  custom:container-muxer-webm: aa71ff27fc2769a1b78a27578f13a17b -> 
  custom:video-decoder-webm-vp8: 9c59270c3fd7afecdb556c50c9e8de78 -> 
  custom:SearchIndexIgnoredProperties: e643bd26f0fe6173181afceb89e7c659 -> 
  custom:AudioImporter_EditorPlatform: d09bf68614088b80899f8185d706f6e7 -> 
  custom:scripting/monoscript/fileName/DOTweenModuleAudio.cs: 3a1650e4f25acb6584c9510b5731ad7a -> f44ff7195fa3a78ebfe99f449d7e78e1
  custom:scripting/monoscript/fileName/DOTweenModulePhysics2D.cs: 93666b7e0342e2a0b1e34423f396c80e -> 173b1ffc50b5696b426bbe7350c14fc4
  custom:scripting/monoscript/fileName/DOTweenProShortcuts.cs: a0b0a87a6193e0706b5ad52d2144510e -> 90c7810f0d7504d6faad12dc67a3f8a8
  custom:scripting/monoscript/fileName/DOTweenModuleSprite.cs: 4597ff41968f9021edf014b8883e0dc2 -> 4b5018ebeb8cf37efb36ac1d94ed5a4d
  custom:video-encoder-webm-vp8: eb34c28f22e8b96e1ab97ce403110664 -> 
  custom:scripting/monoscript/fileName/DOTweenModulePhysics.cs: 09f5e4e694df330fd06c28d7c75e118d -> aff02123f5421112b27a1e25686d3abc
  custom:audio-decoder-ogg-vorbis: bf7c407c2cedff20999df2af8eb42d56 -> 
  custom:audio-encoder-webm-vorbis: bf7c407c2cedff20999df2af8eb42d56 -> 
  custom:scripting/precompiled-assembly-types:Assembly-CSharp-Editor: 0b2489d4c72c66c483fd231a05ed7488 -> 7d5ffc5f4dd6bf54e85c3172501e2702
  custom:scripting/precompiled-assembly-types:Assembly-CSharp: 138d52067abbe562b1dcdb1c26c35fa7 -> d9b5b4461d8615cbdf8fc8a1ee4f9597
========================================================================
Received Import Request.
  Time since last request: 231.409176 seconds.
  path: Assets/Scripts/NPC/CarDealer.cs
  artifactKey: Guid(ca9898cb6d4f625478b91eac83286598) Importer(815301076,1909f56bfc062723c751e8b465ee728b)
Start importing Assets/Scripts/NPC/CarDealer.cs using Guid(ca9898cb6d4f625478b91eac83286598) Importer(815301076,1909f56bfc062723c751e8b465ee728b) [PhysX] Initialized MultithreadedTaskDispatcher with 12 workers.
 -> (artifact id: '229851de7c254e9ee0e4881a99f76dae') in 0.001617 seconds
Number of updated asset objects reloaded before import = 0
Number of asset objects unloaded after import = 0
========================================================================
Received Prepare
Caller must complete domain reload
Begin MonoManager ReloadAssembly
- Loaded All Assemblies, in  0.630 seconds
Native extension for WindowsStandalone target not found
Native extension for iOS target not found
Native extension for Android target not found
Mono: successfully reloaded assembly
- Finished resetting the current domain, in  1.256 seconds
Domain Reload Profiling: 1880ms
	BeginReloadAssembly (155ms)
		ExecutionOrderSort (0ms)
		DisableScriptedObjects (3ms)
		BackupInstance (0ms)
		ReleaseScriptingObjects (0ms)
		CreateAndSetChildDomain (34ms)
	RebuildCommonClasses (31ms)
	RebuildNativeTypeToScriptingClass (11ms)
	initialDomainReloadingComplete (36ms)
	LoadAllAssembliesAndSetupDomain (390ms)
		LoadAssemblies (425ms)
		RebuildTransferFunctionScriptingTraits (0ms)
		AnalyzeDomain (48ms)
			TypeCache.Refresh (11ms)
				TypeCache.ScanAssembly (2ms)
			ScanForSourceGeneratedMonoScriptInfo (22ms)
			ResolveRequiredComponents (13ms)
	FinalizeReload (1256ms)
		ReleaseScriptCaches (0ms)
		RebuildScriptCaches (0ms)
		SetupLoadedEditorAssemblies (551ms)
			LogAssemblyErrors (0ms)
			InitializePlatformSupportModulesInManaged (37ms)
			SetLoadedEditorAssemblies (3ms)
			RefreshPlugins (0ms)
			BeforeProcessingInitializeOnLoad (97ms)
			ProcessInitializeOnLoadAttributes (347ms)
			ProcessInitializeOnLoadMethodAttributes (56ms)
			AfterProcessingInitializeOnLoad (10ms)
			EditorAssembliesLoaded (0ms)
		ExecutionOrderSort2 (0ms)
		AwakeInstancesAfterBackupRestoration (6ms)
Shader Hidden/ProbeVolume/VoxelizeScene is not supported: GPU does not support conservative rasterization
Refreshing native plugins compatible for Editor in 6.67 ms, found 3 plugins.
Preloading 0 native plugins for Editor in 0.00 ms.
Unloading 5783 Unused Serialized files (Serialized files now loaded: 0)
Unloading 30 unused Assets / (0.8 MB). Loaded Objects now: 6466.
Memory consumption went from 203.9 MB to 203.1 MB.
Total: 3.633200 ms (FindLiveObjects: 0.457100 ms CreateObjectMapping: 0.154200 ms MarkObjects: 2.589000 ms  DeleteObjects: 0.431900 ms)

Prepare: number of updated asset objects reloaded= 0
AssetImportParameters requested are different than current active one (requested -> active):
  custom:scripting/monoscript/fileName/DOTweenModuleUtils.cs: 15d48e09d39dac1c10cb90ce412479e2 -> 38034ef06fb9b5354f8031bb85ea45ff
  custom:container-demuxer-ogg: 62fdf1f143b41e24485cea50d1cbac27 -> 
  custom:scripting/monoscript/fileName/DOTweenPreviewManager.cs: 1f9ce376c2c8495fb72902afee550122 -> 6704a79409e29b4269b1101c34c01cae
  custom:scripting/monoscript/fileName/DOTweenAnimation.cs: 90b45a4272fbde2a29c3ff3569966d7a -> 4a5a560491b0dd6a8d490a6dbba57b66
  custom:video-codec-MediaFoundation-h265: e54d7ab0439102e2317fc1e4b246158d -> 
  custom:scripting/monoscript/fileName/DOTweenAnimationInspector.cs: 5e65346a488769de5beba36b681f2618 -> e27a09f17535690c994d7a0dd75cccb7
  custom:video-decoder-ogg-theora: a1e56fd34408186e4bbccfd4996cb3dc -> 
  custom:scripting/monoscript/fileName/DOTweenModuleUnityVersion.cs: e97169575460a7f2fc37c29fb9fd6cd8 -> 9ffd9acf63f9ee240a8629c063d5ab55
  custom:scripting/monoscript/fileName/CarDealer.cs: 12326736e2b4355146b3fdb82e668f6a -> 
  custom:scripting/monoscript/fileName/DOTweenModuleUI.cs: f3e579cd0427a2bcd02c4d01a7f51c0c -> 654d9cd56dfcd95536bd076e934e53a9
  custom:framework-win-MediaFoundation: 216162199b28c13a410421893ffa2e32 -> 
  custom:scripting/monoscript/fileName/PlayerInteraction.cs: 34f81aa31d33fc3a503572b0f073df79 -> 9a4c446a8ff47cb9e05e946b721d1f28
  custom:CustomObjectIndexerAttribute: 72b91833f83ae208fae7752999fa3104 -> 
  custom:container-demuxer-webm: 4f35f7cbe854078d1ac9338744f61a02 -> 
  custom:container-muxer-webm: aa71ff27fc2769a1b78a27578f13a17b -> 
  custom:video-decoder-webm-vp8: 9c59270c3fd7afecdb556c50c9e8de78 -> 
  custom:SearchIndexIgnoredProperties: e643bd26f0fe6173181afceb89e7c659 -> 
  custom:AudioImporter_EditorPlatform: d09bf68614088b80899f8185d706f6e7 -> 
  custom:scripting/monoscript/fileName/DOTweenModuleAudio.cs: 3a1650e4f25acb6584c9510b5731ad7a -> f44ff7195fa3a78ebfe99f449d7e78e1
  custom:scripting/monoscript/fileName/DOTweenModulePhysics2D.cs: 93666b7e0342e2a0b1e34423f396c80e -> 173b1ffc50b5696b426bbe7350c14fc4
  custom:scripting/monoscript/fileName/DOTweenProShortcuts.cs: a0b0a87a6193e0706b5ad52d2144510e -> 90c7810f0d7504d6faad12dc67a3f8a8
  custom:scripting/monoscript/fileName/DOTweenModuleSprite.cs: 4597ff41968f9021edf014b8883e0dc2 -> 4b5018ebeb8cf37efb36ac1d94ed5a4d
  custom:video-encoder-webm-vp8: eb34c28f22e8b96e1ab97ce403110664 -> 
  custom:scripting/monoscript/fileName/DOTweenModulePhysics.cs: 09f5e4e694df330fd06c28d7c75e118d -> aff02123f5421112b27a1e25686d3abc
  custom:audio-decoder-ogg-vorbis: bf7c407c2cedff20999df2af8eb42d56 -> 
  custom:audio-encoder-webm-vorbis: bf7c407c2cedff20999df2af8eb42d56 -> 
  custom:scripting/precompiled-assembly-types:Assembly-CSharp-Editor: 0b2489d4c72c66c483fd231a05ed7488 -> 7d5ffc5f4dd6bf54e85c3172501e2702
  custom:scripting/precompiled-assembly-types:Assembly-CSharp: 138d52067abbe562b1dcdb1c26c35fa7 -> d9b5b4461d8615cbdf8fc8a1ee4f9597
========================================================================
Received Prepare
Caller must complete domain reload
Begin MonoManager ReloadAssembly
- Loaded All Assemblies, in  0.621 seconds
Native extension for WindowsStandalone target not found
Native extension for iOS target not found
Native extension for Android target not found
Mono: successfully reloaded assembly
- Finished resetting the current domain, in  1.431 seconds
Domain Reload Profiling: 2047ms
	BeginReloadAssembly (145ms)
		ExecutionOrderSort (0ms)
		DisableScriptedObjects (3ms)
		BackupInstance (0ms)
		ReleaseScriptingObjects (0ms)
		CreateAndSetChildDomain (32ms)
	RebuildCommonClasses (31ms)
	RebuildNativeTypeToScriptingClass (13ms)
	initialDomainReloadingComplete (35ms)
	LoadAllAssembliesAndSetupDomain (391ms)
		LoadAssemblies (416ms)
		RebuildTransferFunctionScriptingTraits (0ms)
		AnalyzeDomain (52ms)
			TypeCache.Refresh (13ms)
				TypeCache.ScanAssembly (3ms)
			ScanForSourceGeneratedMonoScriptInfo (24ms)
			ResolveRequiredComponents (13ms)
	FinalizeReload (1431ms)
		ReleaseScriptCaches (0ms)
		RebuildScriptCaches (0ms)
		SetupLoadedEditorAssemblies (646ms)
			LogAssemblyErrors (0ms)
			InitializePlatformSupportModulesInManaged (44ms)
			SetLoadedEditorAssemblies (4ms)
			RefreshPlugins (0ms)
			BeforeProcessingInitializeOnLoad (106ms)
			ProcessInitializeOnLoadAttributes (417ms)
			ProcessInitializeOnLoadMethodAttributes (65ms)
			AfterProcessingInitializeOnLoad (11ms)
			EditorAssembliesLoaded (0ms)
		ExecutionOrderSort2 (0ms)
		AwakeInstancesAfterBackupRestoration (6ms)
Shader Hidden/ProbeVolume/VoxelizeScene is not supported: GPU does not support conservative rasterization
Refreshing native plugins compatible for Editor in 6.25 ms, found 3 plugins.
Preloading 0 native plugins for Editor in 0.00 ms.
Unloading 5785 Unused Serialized files (Serialized files now loaded: 0)
Unloading 30 unused Assets / (0.8 MB). Loaded Objects now: 6482.
Memory consumption went from 204.2 MB to 203.4 MB.
Total: 3.572800 ms (FindLiveObjects: 0.460100 ms CreateObjectMapping: 0.162100 ms MarkObjects: 2.615200 ms  DeleteObjects: 0.334600 ms)

Prepare: number of updated asset objects reloaded= 0
AssetImportParameters requested are different than current active one (requested -> active):
  custom:scripting/monoscript/fileName/DOTweenModuleUtils.cs: 15d48e09d39dac1c10cb90ce412479e2 -> 38034ef06fb9b5354f8031bb85ea45ff
  custom:container-demuxer-ogg: 62fdf1f143b41e24485cea50d1cbac27 -> 
  custom:scripting/monoscript/fileName/DOTweenPreviewManager.cs: 1f9ce376c2c8495fb72902afee550122 -> 6704a79409e29b4269b1101c34c01cae
  custom:scripting/monoscript/fileName/DOTweenAnimation.cs: 90b45a4272fbde2a29c3ff3569966d7a -> 4a5a560491b0dd6a8d490a6dbba57b66
  custom:video-codec-MediaFoundation-h265: e54d7ab0439102e2317fc1e4b246158d -> 
  custom:scripting/monoscript/fileName/DOTweenAnimationInspector.cs: 5e65346a488769de5beba36b681f2618 -> e27a09f17535690c994d7a0dd75cccb7
  custom:video-decoder-ogg-theora: a1e56fd34408186e4bbccfd4996cb3dc -> 
  custom:scripting/monoscript/fileName/DOTweenModuleUnityVersion.cs: e97169575460a7f2fc37c29fb9fd6cd8 -> 9ffd9acf63f9ee240a8629c063d5ab55
  custom:scripting/monoscript/fileName/CarDealer.cs: 12326736e2b4355146b3fdb82e668f6a -> 
  custom:scripting/monoscript/fileName/DOTweenModuleUI.cs: f3e579cd0427a2bcd02c4d01a7f51c0c -> 654d9cd56dfcd95536bd076e934e53a9
  custom:framework-win-MediaFoundation: 216162199b28c13a410421893ffa2e32 -> 
  custom:scripting/monoscript/fileName/PlayerInteraction.cs: 34f81aa31d33fc3a503572b0f073df79 -> 9a4c446a8ff47cb9e05e946b721d1f28
  custom:CustomObjectIndexerAttribute: 72b91833f83ae208fae7752999fa3104 -> 
  custom:container-demuxer-webm: 4f35f7cbe854078d1ac9338744f61a02 -> 
  custom:container-muxer-webm: aa71ff27fc2769a1b78a27578f13a17b -> 
  custom:video-decoder-webm-vp8: 9c59270c3fd7afecdb556c50c9e8de78 -> 
  custom:scripting/monoscript/fileName/Car.cs: b68156a1d38ceec4c6ac0961b605d6f3 -> 
  custom:SearchIndexIgnoredProperties: e643bd26f0fe6173181afceb89e7c659 -> 
  custom:AudioImporter_EditorPlatform: d09bf68614088b80899f8185d706f6e7 -> 
  custom:scripting/monoscript/fileName/DOTweenModuleAudio.cs: 3a1650e4f25acb6584c9510b5731ad7a -> f44ff7195fa3a78ebfe99f449d7e78e1
  custom:scripting/monoscript/fileName/DOTweenModulePhysics2D.cs: 93666b7e0342e2a0b1e34423f396c80e -> 173b1ffc50b5696b426bbe7350c14fc4
  custom:scripting/monoscript/fileName/DOTweenProShortcuts.cs: a0b0a87a6193e0706b5ad52d2144510e -> 90c7810f0d7504d6faad12dc67a3f8a8
  custom:scripting/monoscript/fileName/DOTweenModuleSprite.cs: 4597ff41968f9021edf014b8883e0dc2 -> 4b5018ebeb8cf37efb36ac1d94ed5a4d
  custom:video-encoder-webm-vp8: eb34c28f22e8b96e1ab97ce403110664 -> 
  custom:scripting/monoscript/fileName/DOTweenModulePhysics.cs: 09f5e4e694df330fd06c28d7c75e118d -> aff02123f5421112b27a1e25686d3abc
  custom:audio-decoder-ogg-vorbis: bf7c407c2cedff20999df2af8eb42d56 -> 
  custom:audio-encoder-webm-vorbis: bf7c407c2cedff20999df2af8eb42d56 -> 
  custom:scripting/precompiled-assembly-types:Assembly-CSharp-Editor: 0b2489d4c72c66c483fd231a05ed7488 -> 7d5ffc5f4dd6bf54e85c3172501e2702
  custom:scripting/precompiled-assembly-types:Assembly-CSharp: 18bd7c28c639cc6ec1aa8774f192738a -> d9b5b4461d8615cbdf8fc8a1ee4f9597
========================================================================
Received Import Request.
  Time since last request: 184.980990 seconds.
  path: Assets/Scripts/Car/Car.cs
  artifactKey: Guid(14b9ea5efc8774648bce1b8afd435bdb) Importer(815301076,1909f56bfc062723c751e8b465ee728b)
Start importing Assets/Scripts/Car/Car.cs using Guid(14b9ea5efc8774648bce1b8afd435bdb) Importer(815301076,1909f56bfc062723c751e8b465ee728b) [PhysX] Initialized MultithreadedTaskDispatcher with 12 workers.
 -> (artifact id: '1ece1128d962ff435311784761667ed7') in 0.001752 seconds
Number of updated asset objects reloaded before import = 0
Number of asset objects unloaded after import = 0
========================================================================
Received Prepare
Caller must complete domain reload
Begin MonoManager ReloadAssembly
- Loaded All Assemblies, in  0.671 seconds
Native extension for WindowsStandalone target not found
Native extension for iOS target not found
Native extension for Android target not found
Mono: successfully reloaded assembly
- Finished resetting the current domain, in  1.347 seconds
Domain Reload Profiling: 2012ms
	BeginReloadAssembly (163ms)
		ExecutionOrderSort (0ms)
		DisableScriptedObjects (3ms)
		BackupInstance (0ms)
		ReleaseScriptingObjects (0ms)
		CreateAndSetChildDomain (36ms)
	RebuildCommonClasses (31ms)
	RebuildNativeTypeToScriptingClass (12ms)
	initialDomainReloadingComplete (36ms)
	LoadAllAssembliesAndSetupDomain (421ms)
		LoadAssemblies (454ms)
		RebuildTransferFunctionScriptingTraits (0ms)
		AnalyzeDomain (59ms)
			TypeCache.Refresh (15ms)
				TypeCache.ScanAssembly (4ms)
			ScanForSourceGeneratedMonoScriptInfo (25ms)
			ResolveRequiredComponents (16ms)
	FinalizeReload (1348ms)
		ReleaseScriptCaches (0ms)
		RebuildScriptCaches (0ms)
		SetupLoadedEditorAssemblies (592ms)
			LogAssemblyErrors (0ms)
			InitializePlatformSupportModulesInManaged (35ms)
			SetLoadedEditorAssemblies (3ms)
			RefreshPlugins (0ms)
			BeforeProcessingInitializeOnLoad (96ms)
			ProcessInitializeOnLoadAttributes (382ms)
			ProcessInitializeOnLoadMethodAttributes (65ms)
			AfterProcessingInitializeOnLoad (11ms)
			EditorAssembliesLoaded (0ms)
		ExecutionOrderSort2 (0ms)
		AwakeInstancesAfterBackupRestoration (5ms)
Script is not up to date after domain reload: guid(14b9ea5efc8774648bce1b8afd435bdb) path("Assets/Scripts/Car/Car.cs") state(2)
Shader Hidden/ProbeVolume/VoxelizeScene is not supported: GPU does not support conservative rasterization
Refreshing native plugins compatible for Editor in 10.27 ms, found 3 plugins.
Preloading 0 native plugins for Editor in 0.00 ms.
Unloading 5783 Unused Serialized files (Serialized files now loaded: 0)
Unloading 30 unused Assets / (0.8 MB). Loaded Objects now: 6496.
Memory consumption went from 203.9 MB to 203.1 MB.
Total: 4.857300 ms (FindLiveObjects: 0.712300 ms CreateObjectMapping: 0.169200 ms MarkObjects: 3.513000 ms  DeleteObjects: 0.461600 ms)

Prepare: number of updated asset objects reloaded= 0
AssetImportParameters requested are different than current active one (requested -> active):
  custom:scripting/monoscript/fileName/DOTweenModuleUtils.cs: 15d48e09d39dac1c10cb90ce412479e2 -> 38034ef06fb9b5354f8031bb85ea45ff
  custom:container-demuxer-ogg: 62fdf1f143b41e24485cea50d1cbac27 -> 
  custom:scripting/monoscript/fileName/DOTweenPreviewManager.cs: 1f9ce376c2c8495fb72902afee550122 -> 6704a79409e29b4269b1101c34c01cae
  custom:scripting/monoscript/fileName/DOTweenAnimation.cs: 90b45a4272fbde2a29c3ff3569966d7a -> 4a5a560491b0dd6a8d490a6dbba57b66
  custom:video-codec-MediaFoundation-h265: e54d7ab0439102e2317fc1e4b246158d -> 
  custom:scripting/monoscript/fileName/DOTweenAnimationInspector.cs: 5e65346a488769de5beba36b681f2618 -> e27a09f17535690c994d7a0dd75cccb7
  custom:video-decoder-ogg-theora: a1e56fd34408186e4bbccfd4996cb3dc -> 
  custom:scripting/monoscript/fileName/DOTweenModuleUnityVersion.cs: e97169575460a7f2fc37c29fb9fd6cd8 -> 9ffd9acf63f9ee240a8629c063d5ab55
  custom:scripting/monoscript/fileName/CarDealer.cs: 12326736e2b4355146b3fdb82e668f6a -> 
  custom:scripting/monoscript/fileName/DOTweenModuleUI.cs: f3e579cd0427a2bcd02c4d01a7f51c0c -> 654d9cd56dfcd95536bd076e934e53a9
  custom:framework-win-MediaFoundation: 216162199b28c13a410421893ffa2e32 -> 
  custom:scripting/monoscript/fileName/PlayerInteraction.cs: 34f81aa31d33fc3a503572b0f073df79 -> 9a4c446a8ff47cb9e05e946b721d1f28
  custom:CustomObjectIndexerAttribute: 72b91833f83ae208fae7752999fa3104 -> 
  custom:container-demuxer-webm: 4f35f7cbe854078d1ac9338744f61a02 -> 
  custom:container-muxer-webm: aa71ff27fc2769a1b78a27578f13a17b -> 
  custom:video-decoder-webm-vp8: 9c59270c3fd7afecdb556c50c9e8de78 -> 
  custom:scripting/monoscript/fileName/Car.cs: b68156a1d38ceec4c6ac0961b605d6f3 -> 
  custom:SearchIndexIgnoredProperties: e643bd26f0fe6173181afceb89e7c659 -> 
  custom:AudioImporter_EditorPlatform: d09bf68614088b80899f8185d706f6e7 -> 
  custom:scripting/monoscript/fileName/DOTweenModuleAudio.cs: 3a1650e4f25acb6584c9510b5731ad7a -> f44ff7195fa3a78ebfe99f449d7e78e1
  custom:scripting/monoscript/fileName/DOTweenModulePhysics2D.cs: 93666b7e0342e2a0b1e34423f396c80e -> 173b1ffc50b5696b426bbe7350c14fc4
  custom:scripting/monoscript/fileName/DOTweenProShortcuts.cs: a0b0a87a6193e0706b5ad52d2144510e -> 90c7810f0d7504d6faad12dc67a3f8a8
  custom:scripting/monoscript/fileName/DOTweenModuleSprite.cs: 4597ff41968f9021edf014b8883e0dc2 -> 4b5018ebeb8cf37efb36ac1d94ed5a4d
  custom:video-encoder-webm-vp8: eb34c28f22e8b96e1ab97ce403110664 -> 
  custom:scripting/monoscript/fileName/DOTweenModulePhysics.cs: 09f5e4e694df330fd06c28d7c75e118d -> aff02123f5421112b27a1e25686d3abc
  custom:audio-decoder-ogg-vorbis: bf7c407c2cedff20999df2af8eb42d56 -> 
  custom:audio-encoder-webm-vorbis: bf7c407c2cedff20999df2af8eb42d56 -> 
  custom:scripting/precompiled-assembly-types:Assembly-CSharp-Editor: 0b2489d4c72c66c483fd231a05ed7488 -> 7d5ffc5f4dd6bf54e85c3172501e2702
  custom:scripting/precompiled-assembly-types:Assembly-CSharp: 18bd7c28c639cc6ec1aa8774f192738a -> d9b5b4461d8615cbdf8fc8a1ee4f9597
========================================================================
Received Prepare
Caller must complete domain reload
Begin MonoManager ReloadAssembly
- Loaded All Assemblies, in  0.635 seconds
Native extension for WindowsStandalone target not found
Native extension for iOS target not found
Native extension for Android target not found
Mono: successfully reloaded assembly
- Finished resetting the current domain, in  1.353 seconds
Domain Reload Profiling: 1983ms
	BeginReloadAssembly (152ms)
		ExecutionOrderSort (0ms)
		DisableScriptedObjects (4ms)
		BackupInstance (0ms)
		ReleaseScriptingObjects (0ms)
		CreateAndSetChildDomain (31ms)
	RebuildCommonClasses (35ms)
	RebuildNativeTypeToScriptingClass (13ms)
	initialDomainReloadingComplete (36ms)
	LoadAllAssembliesAndSetupDomain (394ms)
		LoadAssemblies (426ms)
		RebuildTransferFunctionScriptingTraits (0ms)
		AnalyzeDomain (51ms)
			TypeCache.Refresh (12ms)
				TypeCache.ScanAssembly (2ms)
			ScanForSourceGeneratedMonoScriptInfo (23ms)
			ResolveRequiredComponents (14ms)
	FinalizeReload (1353ms)
		ReleaseScriptCaches (0ms)
		RebuildScriptCaches (0ms)
		SetupLoadedEditorAssemblies (619ms)
			LogAssemblyErrors (0ms)
			InitializePlatformSupportModulesInManaged (37ms)
			SetLoadedEditorAssemblies (4ms)
			RefreshPlugins (0ms)
			BeforeProcessingInitializeOnLoad (120ms)
			ProcessInitializeOnLoadAttributes (387ms)
			ProcessInitializeOnLoadMethodAttributes (61ms)
			AfterProcessingInitializeOnLoad (10ms)
			EditorAssembliesLoaded (0ms)
		ExecutionOrderSort2 (0ms)
		AwakeInstancesAfterBackupRestoration (6ms)
Shader Hidden/ProbeVolume/VoxelizeScene is not supported: GPU does not support conservative rasterization
Refreshing native plugins compatible for Editor in 5.93 ms, found 3 plugins.
Preloading 0 native plugins for Editor in 0.00 ms.
Unloading 5785 Unused Serialized files (Serialized files now loaded: 0)
Unloading 30 unused Assets / (0.8 MB). Loaded Objects now: 6512.
Memory consumption went from 204.2 MB to 203.4 MB.
Total: 3.620000 ms (FindLiveObjects: 0.478500 ms CreateObjectMapping: 0.158000 ms MarkObjects: 2.620900 ms  DeleteObjects: 0.361700 ms)

Prepare: number of updated asset objects reloaded= 0
AssetImportParameters requested are different than current active one (requested -> active):
  custom:scripting/monoscript/fileName/DOTweenModuleUtils.cs: 15d48e09d39dac1c10cb90ce412479e2 -> 38034ef06fb9b5354f8031bb85ea45ff
  custom:container-demuxer-ogg: 62fdf1f143b41e24485cea50d1cbac27 -> 
  custom:scripting/monoscript/fileName/DOTweenPreviewManager.cs: 1f9ce376c2c8495fb72902afee550122 -> 6704a79409e29b4269b1101c34c01cae
  custom:scripting/monoscript/fileName/DOTweenAnimation.cs: 90b45a4272fbde2a29c3ff3569966d7a -> 4a5a560491b0dd6a8d490a6dbba57b66
  custom:video-codec-MediaFoundation-h265: e54d7ab0439102e2317fc1e4b246158d -> 
  custom:scripting/monoscript/fileName/DOTweenAnimationInspector.cs: 5e65346a488769de5beba36b681f2618 -> e27a09f17535690c994d7a0dd75cccb7
  custom:video-decoder-ogg-theora: a1e56fd34408186e4bbccfd4996cb3dc -> 
  custom:scripting/monoscript/fileName/DOTweenModuleUnityVersion.cs: e97169575460a7f2fc37c29fb9fd6cd8 -> 9ffd9acf63f9ee240a8629c063d5ab55
  custom:scripting/monoscript/fileName/CarDealer.cs: 12326736e2b4355146b3fdb82e668f6a -> 
  custom:scripting/monoscript/fileName/DOTweenModuleUI.cs: f3e579cd0427a2bcd02c4d01a7f51c0c -> 654d9cd56dfcd95536bd076e934e53a9
  custom:framework-win-MediaFoundation: 216162199b28c13a410421893ffa2e32 -> 
  custom:scripting/monoscript/fileName/PlayerInteraction.cs: 34f81aa31d33fc3a503572b0f073df79 -> 9a4c446a8ff47cb9e05e946b721d1f28
  custom:CustomObjectIndexerAttribute: 72b91833f83ae208fae7752999fa3104 -> 
  custom:container-demuxer-webm: 4f35f7cbe854078d1ac9338744f61a02 -> 
  custom:container-muxer-webm: aa71ff27fc2769a1b78a27578f13a17b -> 
  custom:video-decoder-webm-vp8: 9c59270c3fd7afecdb556c50c9e8de78 -> 
  custom:scripting/monoscript/fileName/Car.cs: b68156a1d38ceec4c6ac0961b605d6f3 -> 
  custom:SearchIndexIgnoredProperties: e643bd26f0fe6173181afceb89e7c659 -> 
  custom:AudioImporter_EditorPlatform: d09bf68614088b80899f8185d706f6e7 -> 
  custom:scripting/monoscript/fileName/DOTweenModuleAudio.cs: 3a1650e4f25acb6584c9510b5731ad7a -> f44ff7195fa3a78ebfe99f449d7e78e1
  custom:scripting/monoscript/fileName/DOTweenModulePhysics2D.cs: 93666b7e0342e2a0b1e34423f396c80e -> 173b1ffc50b5696b426bbe7350c14fc4
  custom:scripting/monoscript/fileName/DOTweenProShortcuts.cs: a0b0a87a6193e0706b5ad52d2144510e -> 90c7810f0d7504d6faad12dc67a3f8a8
  custom:scripting/monoscript/fileName/DOTweenModuleSprite.cs: 4597ff41968f9021edf014b8883e0dc2 -> 4b5018ebeb8cf37efb36ac1d94ed5a4d
  custom:video-encoder-webm-vp8: eb34c28f22e8b96e1ab97ce403110664 -> 
  custom:scripting/monoscript/fileName/DOTweenModulePhysics.cs: 09f5e4e694df330fd06c28d7c75e118d -> aff02123f5421112b27a1e25686d3abc
  custom:audio-decoder-ogg-vorbis: bf7c407c2cedff20999df2af8eb42d56 -> 
  custom:audio-encoder-webm-vorbis: bf7c407c2cedff20999df2af8eb42d56 -> 
  custom:scripting/precompiled-assembly-types:Assembly-CSharp-Editor: 0b2489d4c72c66c483fd231a05ed7488 -> 7d5ffc5f4dd6bf54e85c3172501e2702
  custom:scripting/precompiled-assembly-types:Assembly-CSharp: 18bd7c28c639cc6ec1aa8774f192738a -> d9b5b4461d8615cbdf8fc8a1ee4f9597
========================================================================
Received Import Request.
  Time since last request: 43.464138 seconds.
  path: Assets/Packages/RealisticCarControllerV3/Models/Model_Skyline by BUMSTRUM.fbx
  artifactKey: Guid(55ad9e52dcdf4e14ab18b5144308bfa0) Importer(815301076,1909f56bfc062723c751e8b465ee728b)
Start importing Assets/Packages/RealisticCarControllerV3/Models/Model_Skyline by BUMSTRUM.fbx using Guid(55ad9e52dcdf4e14ab18b5144308bfa0) Importer(815301076,1909f56bfc062723c751e8b465ee728b) [PhysX] Initialized MultithreadedTaskDispatcher with 12 workers.
[PhysX] Initialized MultithreadedTaskDispatcher with 12 workers.
[PhysX] Initialized MultithreadedTaskDispatcher with 12 workers.
[PhysX] Initialized MultithreadedTaskDispatcher with 12 workers.
[PhysX] Initialized MultithreadedTaskDispatcher with 12 workers.
[PhysX] Initialized MultithreadedTaskDispatcher with 12 workers.
[PhysX] Initialized MultithreadedTaskDispatcher with 12 workers.
[PhysX] Initialized MultithreadedTaskDispatcher with 12 workers.
[PhysX] Initialized MultithreadedTaskDispatcher with 12 workers.
[PhysX] Initialized MultithreadedTaskDispatcher with 12 workers.
[PhysX] Initialized MultithreadedTaskDispatcher with 12 workers.
[PhysX] Initialized MultithreadedTaskDispatcher with 12 workers.
 -> (artifact id: 'fe8b89bc01d228654187ec1f4ec6c15c') in 0.153435 seconds
Number of updated asset objects reloaded before import = 0
Number of asset objects unloaded after import = 31
========================================================================
Received Import Request.
  Time since last request: 0.000018 seconds.
  path: Assets/Packages/RealisticCarControllerV3/Models/Road.FBX
  artifactKey: Guid(8afe7dd398d71f14b80cf97af9b95213) Importer(815301076,1909f56bfc062723c751e8b465ee728b)
Start importing Assets/Packages/RealisticCarControllerV3/Models/Road.FBX using Guid(8afe7dd398d71f14b80cf97af9b95213) Importer(815301076,1909f56bfc062723c751e8b465ee728b) [PhysX] Initialized MultithreadedTaskDispatcher with 12 workers.
[PhysX] Initialized MultithreadedTaskDispatcher with 12 workers.
[PhysX] Initialized MultithreadedTaskDispatcher with 12 workers.
[PhysX] Initialized MultithreadedTaskDispatcher with 12 workers.
[PhysX] Initialized MultithreadedTaskDispatcher with 12 workers.
[PhysX] Initialized MultithreadedTaskDispatcher with 12 workers.
[PhysX] Initialized MultithreadedTaskDispatcher with 12 workers.
 -> (artifact id: '8bd0d8d27dd126a8d303198fb50262a3') in 0.061376 seconds
Number of updated asset objects reloaded before import = 0
Number of asset objects unloaded after import = 15
========================================================================
Received Import Request.
  Time since last request: 0.000027 seconds.
  path: Assets/Packages/RealisticCarControllerV3/Models/Road.prefab
  artifactKey: Guid(602d6f5b689177f428a7e147bcf8d9b7) Importer(815301076,1909f56bfc062723c751e8b465ee728b)
Start importing Assets/Packages/RealisticCarControllerV3/Models/Road.prefab using Guid(602d6f5b689177f428a7e147bcf8d9b7) Importer(815301076,1909f56bfc062723c751e8b465ee728b) [PhysX] Initialized MultithreadedTaskDispatcher with 12 workers.
[PhysX] Initialized MultithreadedTaskDispatcher with 12 workers.
 -> (artifact id: 'e6541af86c70e1354d8a1729a4052f15') in 0.007327 seconds
Number of updated asset objects reloaded before import = 0
Number of asset objects unloaded after import = 26
========================================================================
Received Import Request.
  Time since last request: 13.281048 seconds.
  path: Assets/Packages/RealisticCarControllerV3/Prefabs/Demo Vehicles/CTR.prefab
  artifactKey: Guid(6e4f5358be5ec5142b505cdeab793b79) Importer(815301076,1909f56bfc062723c751e8b465ee728b)
Start importing Assets/Packages/RealisticCarControllerV3/Prefabs/Demo Vehicles/CTR.prefab using Guid(6e4f5358be5ec5142b505cdeab793b79) Importer(815301076,1909f56bfc062723c751e8b465ee728b) [PhysX] Initialized MultithreadedTaskDispatcher with 12 workers.
 -> (artifact id: 'b0fc2249497a77b9b47d713679b3389f') in 0.000742 seconds
Number of updated asset objects reloaded before import = 0
Number of asset objects unloaded after import = 0
========================================================================
Received Import Request.
  Time since last request: 0.000022 seconds.
  path: Assets/Packages/RealisticCarControllerV3/Prefabs/Demo Vehicles/Model_Skyline.prefab
  artifactKey: Guid(582ec036f71d2b84590c26a52a0a52b6) Importer(815301076,1909f56bfc062723c751e8b465ee728b)
Start importing Assets/Packages/RealisticCarControllerV3/Prefabs/Demo Vehicles/Model_Skyline.prefab using Guid(582ec036f71d2b84590c26a52a0a52b6) Importer(815301076,1909f56bfc062723c751e8b465ee728b) [PhysX] Initialized MultithreadedTaskDispatcher with 12 workers.
 -> (artifact id: 'e0d814688b4f0e6511acf635ec41eb70') in 0.000718 seconds
Number of updated asset objects reloaded before import = 0
Number of asset objects unloaded after import = 0
========================================================================
Received Import Request.
  Time since last request: 0.000014 seconds.
  path: Assets/Packages/RealisticCarControllerV3/Prefabs/Demo Vehicles/Model_Sofie@Driving by BUMSTRUM.prefab
  artifactKey: Guid(6fa73193fc7c3a040acf01c5757f473a) Importer(815301076,1909f56bfc062723c751e8b465ee728b)
Start importing Assets/Packages/RealisticCarControllerV3/Prefabs/Demo Vehicles/Model_Sofie@Driving by BUMSTRUM.prefab using Guid(6fa73193fc7c3a040acf01c5757f473a) Importer(815301076,1909f56bfc062723c751e8b465ee728b) [PhysX] Initialized MultithreadedTaskDispatcher with 12 workers.
 -> (artifact id: '1d2c6cb66fbd8ae6d9f7080f10d66e84') in 0.000568 seconds
Number of updated asset objects reloaded before import = 0
Number of asset objects unloaded after import = 0
========================================================================
Received Import Request.
  Time since last request: 0.000012 seconds.
  path: Assets/Packages/RealisticCarControllerV3/Prefabs/Demo Vehicles/M3_E36.prefab
  artifactKey: Guid(0722a9e01046ddd4289c83d741ad6252) Importer(815301076,1909f56bfc062723c751e8b465ee728b)
Start importing Assets/Packages/RealisticCarControllerV3/Prefabs/Demo Vehicles/M3_E36.prefab using Guid(0722a9e01046ddd4289c83d741ad6252) Importer(815301076,1909f56bfc062723c751e8b465ee728b) [PhysX] Initialized MultithreadedTaskDispatcher with 12 workers.
 -> (artifact id: '307cc86faa559fd4b0a6f132f8f4620f') in 0.000582 seconds
Number of updated asset objects reloaded before import = 0
Number of asset objects unloaded after import = 0
========================================================================
Received Import Request.
  Time since last request: 0.000021 seconds.
  path: Assets/Packages/RealisticCarControllerV3/Prefabs/Demo Vehicles/Skyline (AI Chaser).prefab
  artifactKey: Guid(1b1e43849c5000340a4d53ea10ba1744) Importer(815301076,1909f56bfc062723c751e8b465ee728b)
Start importing Assets/Packages/RealisticCarControllerV3/Prefabs/Demo Vehicles/Skyline (AI Chaser).prefab using Guid(1b1e43849c5000340a4d53ea10ba1744) Importer(815301076,1909f56bfc062723c751e8b465ee728b) [PhysX] Initialized MultithreadedTaskDispatcher with 12 workers.
 -> (artifact id: '6b322e3105be0e9e7ddceb5a10f12613') in 0.000779 seconds
Number of updated asset objects reloaded before import = 0
Number of asset objects unloaded after import = 0
========================================================================
Received Import Request.
  Time since last request: 0.000024 seconds.
  path: Assets/Packages/RealisticCarControllerV3/Prefabs/Demo Vehicles/F1.prefab
  artifactKey: Guid(0b1c534c7466b8e4e918a77c360f45ee) Importer(815301076,1909f56bfc062723c751e8b465ee728b)
Start importing Assets/Packages/RealisticCarControllerV3/Prefabs/Demo Vehicles/F1.prefab using Guid(0b1c534c7466b8e4e918a77c360f45ee) Importer(815301076,1909f56bfc062723c751e8b465ee728b) [PhysX] Initialized MultithreadedTaskDispatcher with 12 workers.
 -> (artifact id: '30dfe8e0396dd953dc93175d4daab6d1') in 0.000640 seconds
Number of updated asset objects reloaded before import = 0
Number of asset objects unloaded after import = 0
========================================================================
Received Import Request.
  Time since last request: 31.370249 seconds.
  path: Assets/Packages/RealisticCarControllerV3/Prefabs/Demo Vehicles/CTR.prefab
  artifactKey: Guid(6e4f5358be5ec5142b505cdeab793b79) Importer(815301076,1909f56bfc062723c751e8b465ee728b)
Start importing Assets/Packages/RealisticCarControllerV3/Prefabs/Demo Vehicles/CTR.prefab using Guid(6e4f5358be5ec5142b505cdeab793b79) Importer(815301076,1909f56bfc062723c751e8b465ee728b) [PhysX] Initialized MultithreadedTaskDispatcher with 12 workers.
 -> (artifact id: 'c4745f744e4c134dcf73a8b17a12ffeb') in 0.000513 seconds
Number of updated asset objects reloaded before import = 0
Number of asset objects unloaded after import = 0
========================================================================
Received Import Request.
  Time since last request: 0.000017 seconds.
  path: Assets/Packages/RealisticCarControllerV3/Prefabs/Demo Vehicles/M3_E46_New.prefab
  artifactKey: Guid(f5b24270dd3a52e4180206467601e919) Importer(815301076,1909f56bfc062723c751e8b465ee728b)
Start importing Assets/Packages/RealisticCarControllerV3/Prefabs/Demo Vehicles/M3_E46_New.prefab using Guid(f5b24270dd3a52e4180206467601e919) Importer(815301076,1909f56bfc062723c751e8b465ee728b) [PhysX] Initialized MultithreadedTaskDispatcher with 12 workers.
 -> (artifact id: '0f0f75fc50e35de3b6b820f88a965888') in 0.000428 seconds
Number of updated asset objects reloaded before import = 0
Number of asset objects unloaded after import = 0
========================================================================
Received Import Request.
  Time since last request: 0.000011 seconds.
  path: Assets/Packages/RealisticCarControllerV3/Prefabs/Demo Vehicles/Jeep.prefab
  artifactKey: Guid(b6c8a12b979de084c9fcb410d00706b5) Importer(815301076,1909f56bfc062723c751e8b465ee728b)
Start importing Assets/Packages/RealisticCarControllerV3/Prefabs/Demo Vehicles/Jeep.prefab using Guid(b6c8a12b979de084c9fcb410d00706b5) Importer(815301076,1909f56bfc062723c751e8b465ee728b) [PhysX] Initialized MultithreadedTaskDispatcher with 12 workers.
 -> (artifact id: 'd6efbfb53d10f4b6cab44593e24d98db') in 0.000571 seconds
Number of updated asset objects reloaded before import = 0
Number of asset objects unloaded after import = 0
========================================================================
Received Import Request.
  Time since last request: 0.000015 seconds.
  path: Assets/Packages/RealisticCarControllerV3/Prefabs/Demo Vehicles/M3_E36.prefab
  artifactKey: Guid(0722a9e01046ddd4289c83d741ad6252) Importer(815301076,1909f56bfc062723c751e8b465ee728b)
Start importing Assets/Packages/RealisticCarControllerV3/Prefabs/Demo Vehicles/M3_E36.prefab using Guid(0722a9e01046ddd4289c83d741ad6252) Importer(815301076,1909f56bfc062723c751e8b465ee728b) [PhysX] Initialized MultithreadedTaskDispatcher with 12 workers.
 -> (artifact id: '4aaefb35318b5f988410cc6e55dbe77d') in 0.000485 seconds
Number of updated asset objects reloaded before import = 0
Number of asset objects unloaded after import = 0
========================================================================
Received Import Request.
  Time since last request: 0.000016 seconds.
  path: Assets/Packages/RealisticCarControllerV3/Prefabs/Demo Vehicles/Skyline (AI Chaser).prefab
  artifactKey: Guid(1b1e43849c5000340a4d53ea10ba1744) Importer(815301076,1909f56bfc062723c751e8b465ee728b)
Start importing Assets/Packages/RealisticCarControllerV3/Prefabs/Demo Vehicles/Skyline (AI Chaser).prefab using Guid(1b1e43849c5000340a4d53ea10ba1744) Importer(815301076,1909f56bfc062723c751e8b465ee728b) [PhysX] Initialized MultithreadedTaskDispatcher with 12 workers.
 -> (artifact id: 'f04780db7ccec2ea926090aa5834e49c') in 0.000546 seconds
Number of updated asset objects reloaded before import = 0
Number of asset objects unloaded after import = 0
========================================================================
Received Import Request.
  Time since last request: 0.000016 seconds.
  path: Assets/Packages/RealisticCarControllerV3/Prefabs/Demo Vehicles/M5_E30.prefab
  artifactKey: Guid(9a667d070a973084e998d8667e8d2818) Importer(815301076,1909f56bfc062723c751e8b465ee728b)
Start importing Assets/Packages/RealisticCarControllerV3/Prefabs/Demo Vehicles/M5_E30.prefab using Guid(9a667d070a973084e998d8667e8d2818) Importer(815301076,1909f56bfc062723c751e8b465ee728b) [PhysX] Initialized MultithreadedTaskDispatcher with 12 workers.
 -> (artifact id: 'f479389cbfb70ff8d4ca54994874ada7') in 0.000532 seconds
Number of updated asset objects reloaded before import = 0
Number of asset objects unloaded after import = 0
========================================================================
Received Import Request.
  Time since last request: 3.894783 seconds.
  path: Assets/Packages/RealisticCarControllerV3/Prefabs/Demo Vehicles/CTR.prefab
  artifactKey: Guid(6e4f5358be5ec5142b505cdeab793b79) Importer(815301076,1909f56bfc062723c751e8b465ee728b)
Start importing Assets/Packages/RealisticCarControllerV3/Prefabs/Demo Vehicles/CTR.prefab using Guid(6e4f5358be5ec5142b505cdeab793b79) Importer(815301076,1909f56bfc062723c751e8b465ee728b) [PhysX] Initialized MultithreadedTaskDispatcher with 12 workers.
 -> (artifact id: '742f24f0e386ac5369f8e2d61fa51df9') in 0.000504 seconds
Number of updated asset objects reloaded before import = 0
Number of asset objects unloaded after import = 0
========================================================================
Received Import Request.
  Time since last request: 0.000015 seconds.
  path: Assets/Packages/RealisticCarControllerV3/Prefabs/Demo Vehicles/Model_Skyline.prefab
  artifactKey: Guid(582ec036f71d2b84590c26a52a0a52b6) Importer(815301076,1909f56bfc062723c751e8b465ee728b)
Start importing Assets/Packages/RealisticCarControllerV3/Prefabs/Demo Vehicles/Model_Skyline.prefab using Guid(582ec036f71d2b84590c26a52a0a52b6) Importer(815301076,1909f56bfc062723c751e8b465ee728b) [PhysX] Initialized MultithreadedTaskDispatcher with 12 workers.
 -> (artifact id: '8ea5cf712d50a080a594ca71926569d2') in 0.000587 seconds
Number of updated asset objects reloaded before import = 0
Number of asset objects unloaded after import = 0
========================================================================
Received Import Request.
  Time since last request: 0.000013 seconds.
  path: Assets/Packages/RealisticCarControllerV3/Prefabs/Demo Vehicles/Model_Sofie@Driving by BUMSTRUM.prefab
  artifactKey: Guid(6fa73193fc7c3a040acf01c5757f473a) Importer(815301076,1909f56bfc062723c751e8b465ee728b)
Start importing Assets/Packages/RealisticCarControllerV3/Prefabs/Demo Vehicles/Model_Sofie@Driving by BUMSTRUM.prefab using Guid(6fa73193fc7c3a040acf01c5757f473a) Importer(815301076,1909f56bfc062723c751e8b465ee728b) [PhysX] Initialized MultithreadedTaskDispatcher with 12 workers.
 -> (artifact id: '11395230ae0a0d7143c81f9cccc88db9') in 0.000412 seconds
Number of updated asset objects reloaded before import = 0
Number of asset objects unloaded after import = 0
========================================================================
Received Import Request.
  Time since last request: 0.000012 seconds.
  path: Assets/Packages/RealisticCarControllerV3/Prefabs/Demo Vehicles/M3_E36.prefab
  artifactKey: Guid(0722a9e01046ddd4289c83d741ad6252) Importer(815301076,1909f56bfc062723c751e8b465ee728b)
Start importing Assets/Packages/RealisticCarControllerV3/Prefabs/Demo Vehicles/M3_E36.prefab using Guid(0722a9e01046ddd4289c83d741ad6252) Importer(815301076,1909f56bfc062723c751e8b465ee728b) [PhysX] Initialized MultithreadedTaskDispatcher with 12 workers.
 -> (artifact id: 'ae31cf530880263187bb47cec9c1a065') in 0.000554 seconds
Number of updated asset objects reloaded before import = 0
Number of asset objects unloaded after import = 0
========================================================================
Received Import Request.
  Time since last request: 0.000014 seconds.
  path: Assets/Packages/RealisticCarControllerV3/Prefabs/Demo Vehicles/Skyline (AI Chaser).prefab
  artifactKey: Guid(1b1e43849c5000340a4d53ea10ba1744) Importer(815301076,1909f56bfc062723c751e8b465ee728b)
Start importing Assets/Packages/RealisticCarControllerV3/Prefabs/Demo Vehicles/Skyline (AI Chaser).prefab using Guid(1b1e43849c5000340a4d53ea10ba1744) Importer(815301076,1909f56bfc062723c751e8b465ee728b) [PhysX] Initialized MultithreadedTaskDispatcher with 12 workers.
 -> (artifact id: 'cc05af81dd22b8d3a5ba76a26f36bb8d') in 0.000603 seconds
Number of updated asset objects reloaded before import = 0
Number of asset objects unloaded after import = 0
========================================================================
Received Import Request.
  Time since last request: 0.000020 seconds.
  path: Assets/Packages/RealisticCarControllerV3/Prefabs/Demo Vehicles/M5_E30.prefab
  artifactKey: Guid(9a667d070a973084e998d8667e8d2818) Importer(815301076,1909f56bfc062723c751e8b465ee728b)
Start importing Assets/Packages/RealisticCarControllerV3/Prefabs/Demo Vehicles/M5_E30.prefab using Guid(9a667d070a973084e998d8667e8d2818) Importer(815301076,1909f56bfc062723c751e8b465ee728b) [PhysX] Initialized MultithreadedTaskDispatcher with 12 workers.
 -> (artifact id: '397f90d9387fee8ba8804320e30b9354') in 0.000570 seconds
Number of updated asset objects reloaded before import = 0
Number of asset objects unloaded after import = 0
========================================================================
Received Import Request.
  Time since last request: 31.256034 seconds.
  path: Assets/Packages/RealisticCarControllerV3/Prefabs/Demo Vehicles/CTR.prefab
  artifactKey: Guid(6e4f5358be5ec5142b505cdeab793b79) Importer(815301076,1909f56bfc062723c751e8b465ee728b)
Start importing Assets/Packages/RealisticCarControllerV3/Prefabs/Demo Vehicles/CTR.prefab using Guid(6e4f5358be5ec5142b505cdeab793b79) Importer(815301076,1909f56bfc062723c751e8b465ee728b) [PhysX] Initialized MultithreadedTaskDispatcher with 12 workers.
 -> (artifact id: '742f24f0e386ac5369f8e2d61fa51df9') in 0.000704 seconds
Number of updated asset objects reloaded before import = 0
Number of asset objects unloaded after import = 0
========================================================================
Received Import Request.
  Time since last request: 0.000021 seconds.
  path: Assets/Packages/RealisticCarControllerV3/Prefabs/Demo Vehicles/Model_Skyline.prefab
  artifactKey: Guid(582ec036f71d2b84590c26a52a0a52b6) Importer(815301076,1909f56bfc062723c751e8b465ee728b)
Start importing Assets/Packages/RealisticCarControllerV3/Prefabs/Demo Vehicles/Model_Skyline.prefab using Guid(582ec036f71d2b84590c26a52a0a52b6) Importer(815301076,1909f56bfc062723c751e8b465ee728b) [PhysX] Initialized MultithreadedTaskDispatcher with 12 workers.
 -> (artifact id: '8ea5cf712d50a080a594ca71926569d2') in 0.000456 seconds
Number of updated asset objects reloaded before import = 0
Number of asset objects unloaded after import = 0
========================================================================
Received Import Request.
  Time since last request: 0.000014 seconds.
  path: Assets/Packages/RealisticCarControllerV3/Prefabs/Demo Vehicles/Model_Sofie@Driving by BUMSTRUM.prefab
  artifactKey: Guid(6fa73193fc7c3a040acf01c5757f473a) Importer(815301076,1909f56bfc062723c751e8b465ee728b)
Start importing Assets/Packages/RealisticCarControllerV3/Prefabs/Demo Vehicles/Model_Sofie@Driving by BUMSTRUM.prefab using Guid(6fa73193fc7c3a040acf01c5757f473a) Importer(815301076,1909f56bfc062723c751e8b465ee728b) [PhysX] Initialized MultithreadedTaskDispatcher with 12 workers.
 -> (artifact id: '11395230ae0a0d7143c81f9cccc88db9') in 0.000380 seconds
Number of updated asset objects reloaded before import = 0
Number of asset objects unloaded after import = 0
========================================================================
Received Import Request.
  Time since last request: 0.000009 seconds.
  path: Assets/Packages/RealisticCarControllerV3/Prefabs/Demo Vehicles/M3_E36.prefab
  artifactKey: Guid(0722a9e01046ddd4289c83d741ad6252) Importer(815301076,1909f56bfc062723c751e8b465ee728b)
Start importing Assets/Packages/RealisticCarControllerV3/Prefabs/Demo Vehicles/M3_E36.prefab using Guid(0722a9e01046ddd4289c83d741ad6252) Importer(815301076,1909f56bfc062723c751e8b465ee728b) [PhysX] Initialized MultithreadedTaskDispatcher with 12 workers.
 -> (artifact id: 'ae31cf530880263187bb47cec9c1a065') in 0.000477 seconds
Number of updated asset objects reloaded before import = 0
Number of asset objects unloaded after import = 0
========================================================================
Received Import Request.
  Time since last request: 0.000014 seconds.
  path: Assets/Packages/RealisticCarControllerV3/Prefabs/Demo Vehicles/Skyline (AI Chaser).prefab
  artifactKey: Guid(1b1e43849c5000340a4d53ea10ba1744) Importer(815301076,1909f56bfc062723c751e8b465ee728b)
Start importing Assets/Packages/RealisticCarControllerV3/Prefabs/Demo Vehicles/Skyline (AI Chaser).prefab using Guid(1b1e43849c5000340a4d53ea10ba1744) Importer(815301076,1909f56bfc062723c751e8b465ee728b) [PhysX] Initialized MultithreadedTaskDispatcher with 12 workers.
 -> (artifact id: 'cc05af81dd22b8d3a5ba76a26f36bb8d') in 0.000539 seconds
Number of updated asset objects reloaded before import = 0
Number of asset objects unloaded after import = 0
========================================================================
Received Import Request.
  Time since last request: 0.000015 seconds.
  path: Assets/Packages/RealisticCarControllerV3/Prefabs/Demo Vehicles/M5_E30.prefab
  artifactKey: Guid(9a667d070a973084e998d8667e8d2818) Importer(815301076,1909f56bfc062723c751e8b465ee728b)
Start importing Assets/Packages/RealisticCarControllerV3/Prefabs/Demo Vehicles/M5_E30.prefab using Guid(9a667d070a973084e998d8667e8d2818) Importer(815301076,1909f56bfc062723c751e8b465ee728b) [PhysX] Initialized MultithreadedTaskDispatcher with 12 workers.
 -> (artifact id: '397f90d9387fee8ba8804320e30b9354') in 0.000536 seconds
Number of updated asset objects reloaded before import = 0
Number of asset objects unloaded after import = 0
========================================================================
Received Import Request.
  Time since last request: 17.231255 seconds.
  path: Assets/Packages/RealisticCarControllerV3/Prefabs/Demo Vehicles/F1.prefab
  artifactKey: Guid(0b1c534c7466b8e4e918a77c360f45ee) Importer(815301076,1909f56bfc062723c751e8b465ee728b)
Start importing Assets/Packages/RealisticCarControllerV3/Prefabs/Demo Vehicles/F1.prefab using Guid(0b1c534c7466b8e4e918a77c360f45ee) Importer(815301076,1909f56bfc062723c751e8b465ee728b) [PhysX] Initialized MultithreadedTaskDispatcher with 12 workers.
 -> (artifact id: 'f7cb5696cdad5f359536de1daa0c179e') in 0.000453 seconds
Number of updated asset objects reloaded before import = 0
Number of asset objects unloaded after import = 0
========================================================================
Received Import Request.
  Time since last request: 0.000021 seconds.
  path: Assets/Packages/RealisticCarControllerV3/Prefabs/Demo Vehicles/M3_E46_New.prefab
  artifactKey: Guid(f5b24270dd3a52e4180206467601e919) Importer(815301076,1909f56bfc062723c751e8b465ee728b)
Start importing Assets/Packages/RealisticCarControllerV3/Prefabs/Demo Vehicles/M3_E46_New.prefab using Guid(f5b24270dd3a52e4180206467601e919) Importer(815301076,1909f56bfc062723c751e8b465ee728b) [PhysX] Initialized MultithreadedTaskDispatcher with 12 workers.
 -> (artifact id: '237f56424021467797a8e74b6a4d4e2d') in 0.000440 seconds
Number of updated asset objects reloaded before import = 0
Number of asset objects unloaded after import = 0
========================================================================
Received Import Request.
  Time since last request: 0.000014 seconds.
  path: Assets/Packages/RealisticCarControllerV3/Prefabs/Demo Vehicles/Jeep.prefab
  artifactKey: Guid(b6c8a12b979de084c9fcb410d00706b5) Importer(815301076,1909f56bfc062723c751e8b465ee728b)
Start importing Assets/Packages/RealisticCarControllerV3/Prefabs/Demo Vehicles/Jeep.prefab using Guid(b6c8a12b979de084c9fcb410d00706b5) Importer(815301076,1909f56bfc062723c751e8b465ee728b) [PhysX] Initialized MultithreadedTaskDispatcher with 12 workers.
 -> (artifact id: 'c471bf79ba7ea7d9392c10a457a18215') in 0.000557 seconds
Number of updated asset objects reloaded before import = 0
Number of asset objects unloaded after import = 0
========================================================================
Received Import Request.
  Time since last request: 0.000012 seconds.
  path: Assets/Packages/RealisticCarControllerV3/Prefabs/Demo Vehicles/Pickup.prefab
  artifactKey: Guid(a333afaa2016d504aa0831cf3544672c) Importer(815301076,1909f56bfc062723c751e8b465ee728b)
Start importing Assets/Packages/RealisticCarControllerV3/Prefabs/Demo Vehicles/Pickup.prefab using Guid(a333afaa2016d504aa0831cf3544672c) Importer(815301076,1909f56bfc062723c751e8b465ee728b) [PhysX] Initialized MultithreadedTaskDispatcher with 12 workers.
 -> (artifact id: '1bcd4d906cf54f485d833ff8ca17b47f') in 0.000563 seconds
Number of updated asset objects reloaded before import = 0
Number of asset objects unloaded after import = 0
========================================================================
Received Import Request.
  Time since last request: 0.000016 seconds.
  path: Assets/Packages/RealisticCarControllerV3/Prefabs/Demo Vehicles/Truck.prefab
  artifactKey: Guid(850a87f0a0dbde941a5f90e91ca94920) Importer(815301076,1909f56bfc062723c751e8b465ee728b)
Start importing Assets/Packages/RealisticCarControllerV3/Prefabs/Demo Vehicles/Truck.prefab using Guid(850a87f0a0dbde941a5f90e91ca94920) Importer(815301076,1909f56bfc062723c751e8b465ee728b) [PhysX] Initialized MultithreadedTaskDispatcher with 12 workers.
 -> (artifact id: '519bba82009a5ec82954cc074aadfa9e') in 0.000476 seconds
Number of updated asset objects reloaded before import = 0
Number of asset objects unloaded after import = 0
========================================================================
Received Import Request.
  Time since last request: 1.430098 seconds.
  path: Assets/Packages/RealisticCarControllerV3/Prefabs/Demo Vehicles/F1.prefab
  artifactKey: Guid(0b1c534c7466b8e4e918a77c360f45ee) Importer(815301076,1909f56bfc062723c751e8b465ee728b)
Start importing Assets/Packages/RealisticCarControllerV3/Prefabs/Demo Vehicles/F1.prefab using Guid(0b1c534c7466b8e4e918a77c360f45ee) Importer(815301076,1909f56bfc062723c751e8b465ee728b) [PhysX] Initialized MultithreadedTaskDispatcher with 12 workers.
 -> (artifact id: 'f7cb5696cdad5f359536de1daa0c179e') in 0.000472 seconds
Number of updated asset objects reloaded before import = 0
Number of asset objects unloaded after import = 0
========================================================================
Received Import Request.
  Time since last request: 0.000017 seconds.
  path: Assets/Packages/RealisticCarControllerV3/Prefabs/Demo Vehicles/M3_E46_New.prefab
  artifactKey: Guid(f5b24270dd3a52e4180206467601e919) Importer(815301076,1909f56bfc062723c751e8b465ee728b)
Start importing Assets/Packages/RealisticCarControllerV3/Prefabs/Demo Vehicles/M3_E46_New.prefab using Guid(f5b24270dd3a52e4180206467601e919) Importer(815301076,1909f56bfc062723c751e8b465ee728b) [PhysX] Initialized MultithreadedTaskDispatcher with 12 workers.
 -> (artifact id: '237f56424021467797a8e74b6a4d4e2d') in 0.000495 seconds
Number of updated asset objects reloaded before import = 0
Number of asset objects unloaded after import = 0
========================================================================
Received Import Request.
  Time since last request: 0.000024 seconds.
  path: Assets/Packages/RealisticCarControllerV3/Prefabs/Demo Vehicles/Jeep.prefab
  artifactKey: Guid(b6c8a12b979de084c9fcb410d00706b5) Importer(815301076,1909f56bfc062723c751e8b465ee728b)
Start importing Assets/Packages/RealisticCarControllerV3/Prefabs/Demo Vehicles/Jeep.prefab using Guid(b6c8a12b979de084c9fcb410d00706b5) Importer(815301076,1909f56bfc062723c751e8b465ee728b) [PhysX] Initialized MultithreadedTaskDispatcher with 12 workers.
 -> (artifact id: 'c471bf79ba7ea7d9392c10a457a18215') in 0.000485 seconds
Number of updated asset objects reloaded before import = 0
Number of asset objects unloaded after import = 0
========================================================================
Received Import Request.
  Time since last request: 0.000011 seconds.
  path: Assets/Packages/RealisticCarControllerV3/Prefabs/Demo Vehicles/Pickup.prefab
  artifactKey: Guid(a333afaa2016d504aa0831cf3544672c) Importer(815301076,1909f56bfc062723c751e8b465ee728b)
Start importing Assets/Packages/RealisticCarControllerV3/Prefabs/Demo Vehicles/Pickup.prefab using Guid(a333afaa2016d504aa0831cf3544672c) Importer(815301076,1909f56bfc062723c751e8b465ee728b) [PhysX] Initialized MultithreadedTaskDispatcher with 12 workers.
 -> (artifact id: '1bcd4d906cf54f485d833ff8ca17b47f') in 0.000409 seconds
Number of updated asset objects reloaded before import = 0
Number of asset objects unloaded after import = 0
========================================================================
Received Import Request.
  Time since last request: 0.000008 seconds.
  path: Assets/Packages/RealisticCarControllerV3/Prefabs/Demo Vehicles/Truck.prefab
  artifactKey: Guid(850a87f0a0dbde941a5f90e91ca94920) Importer(815301076,1909f56bfc062723c751e8b465ee728b)
Start importing Assets/Packages/RealisticCarControllerV3/Prefabs/Demo Vehicles/Truck.prefab using Guid(850a87f0a0dbde941a5f90e91ca94920) Importer(815301076,1909f56bfc062723c751e8b465ee728b) [PhysX] Initialized MultithreadedTaskDispatcher with 12 workers.
 -> (artifact id: '519bba82009a5ec82954cc074aadfa9e') in 0.000571 seconds
Number of updated asset objects reloaded before import = 0
Number of asset objects unloaded after import = 0
========================================================================
Received Import Request.
  Time since last request: 0.000017 seconds.
  path: Assets/Packages/RealisticCarControllerV3/Prefabs/Demo Vehicles/M5_E30.prefab
  artifactKey: Guid(9a667d070a973084e998d8667e8d2818) Importer(815301076,1909f56bfc062723c751e8b465ee728b)
Start importing Assets/Packages/RealisticCarControllerV3/Prefabs/Demo Vehicles/M5_E30.prefab using Guid(9a667d070a973084e998d8667e8d2818) Importer(815301076,1909f56bfc062723c751e8b465ee728b) [PhysX] Initialized MultithreadedTaskDispatcher with 12 workers.
 -> (artifact id: '397f90d9387fee8ba8804320e30b9354') in 0.000514 seconds
Number of updated asset objects reloaded before import = 0
Number of asset objects unloaded after import = 0
========================================================================
Received Import Request.
  Time since last request: 3.378060 seconds.
  path: Assets/Packages/RealisticCarControllerV3/Prefabs/Demo Vehicles/F1.prefab
  artifactKey: Guid(0b1c534c7466b8e4e918a77c360f45ee) Importer(815301076,1909f56bfc062723c751e8b465ee728b)
Start importing Assets/Packages/RealisticCarControllerV3/Prefabs/Demo Vehicles/F1.prefab using Guid(0b1c534c7466b8e4e918a77c360f45ee) Importer(815301076,1909f56bfc062723c751e8b465ee728b) [PhysX] Initialized MultithreadedTaskDispatcher with 12 workers.
 -> (artifact id: 'f7cb5696cdad5f359536de1daa0c179e') in 0.000456 seconds
Number of updated asset objects reloaded before import = 0
Number of asset objects unloaded after import = 0
========================================================================
Received Import Request.
  Time since last request: 0.000013 seconds.
  path: Assets/Packages/RealisticCarControllerV3/Prefabs/Demo Vehicles/M3_E46_New.prefab
  artifactKey: Guid(f5b24270dd3a52e4180206467601e919) Importer(815301076,1909f56bfc062723c751e8b465ee728b)
Start importing Assets/Packages/RealisticCarControllerV3/Prefabs/Demo Vehicles/M3_E46_New.prefab using Guid(f5b24270dd3a52e4180206467601e919) Importer(815301076,1909f56bfc062723c751e8b465ee728b) [PhysX] Initialized MultithreadedTaskDispatcher with 12 workers.
 -> (artifact id: '237f56424021467797a8e74b6a4d4e2d') in 0.000505 seconds
Number of updated asset objects reloaded before import = 0
Number of asset objects unloaded after import = 0
========================================================================
Received Import Request.
  Time since last request: 0.000012 seconds.
  path: Assets/Packages/RealisticCarControllerV3/Prefabs/Demo Vehicles/Jeep.prefab
  artifactKey: Guid(b6c8a12b979de084c9fcb410d00706b5) Importer(815301076,1909f56bfc062723c751e8b465ee728b)
Start importing Assets/Packages/RealisticCarControllerV3/Prefabs/Demo Vehicles/Jeep.prefab using Guid(b6c8a12b979de084c9fcb410d00706b5) Importer(815301076,1909f56bfc062723c751e8b465ee728b) [PhysX] Initialized MultithreadedTaskDispatcher with 12 workers.
 -> (artifact id: 'c471bf79ba7ea7d9392c10a457a18215') in 0.000526 seconds
Number of updated asset objects reloaded before import = 0
Number of asset objects unloaded after import = 0
========================================================================
Received Import Request.
  Time since last request: 0.000016 seconds.
  path: Assets/Packages/RealisticCarControllerV3/Prefabs/Demo Vehicles/Pickup.prefab
  artifactKey: Guid(a333afaa2016d504aa0831cf3544672c) Importer(815301076,1909f56bfc062723c751e8b465ee728b)
Start importing Assets/Packages/RealisticCarControllerV3/Prefabs/Demo Vehicles/Pickup.prefab using Guid(a333afaa2016d504aa0831cf3544672c) Importer(815301076,1909f56bfc062723c751e8b465ee728b) [PhysX] Initialized MultithreadedTaskDispatcher with 12 workers.
 -> (artifact id: '1bcd4d906cf54f485d833ff8ca17b47f') in 0.000571 seconds
Number of updated asset objects reloaded before import = 0
Number of asset objects unloaded after import = 0
========================================================================
Received Import Request.
  Time since last request: 0.000023 seconds.
  path: Assets/Packages/RealisticCarControllerV3/Prefabs/Demo Vehicles/Truck.prefab
  artifactKey: Guid(850a87f0a0dbde941a5f90e91ca94920) Importer(815301076,1909f56bfc062723c751e8b465ee728b)
Start importing Assets/Packages/RealisticCarControllerV3/Prefabs/Demo Vehicles/Truck.prefab using Guid(850a87f0a0dbde941a5f90e91ca94920) Importer(815301076,1909f56bfc062723c751e8b465ee728b) [PhysX] Initialized MultithreadedTaskDispatcher with 12 workers.
 -> (artifact id: '519bba82009a5ec82954cc074aadfa9e') in 0.000560 seconds
Number of updated asset objects reloaded before import = 0
Number of asset objects unloaded after import = 0
========================================================================
Received Import Request.
  Time since last request: 0.000015 seconds.
  path: Assets/Packages/RealisticCarControllerV3/Prefabs/Demo Vehicles/M5_E30.prefab
  artifactKey: Guid(9a667d070a973084e998d8667e8d2818) Importer(815301076,1909f56bfc062723c751e8b465ee728b)
Start importing Assets/Packages/RealisticCarControllerV3/Prefabs/Demo Vehicles/M5_E30.prefab using Guid(9a667d070a973084e998d8667e8d2818) Importer(815301076,1909f56bfc062723c751e8b465ee728b) [PhysX] Initialized MultithreadedTaskDispatcher with 12 workers.
 -> (artifact id: '397f90d9387fee8ba8804320e30b9354') in 0.000494 seconds
Number of updated asset objects reloaded before import = 0
Number of asset objects unloaded after import = 0
========================================================================
Received Import Request.
  Time since last request: 14.279467 seconds.
  path: Assets/Packages/RealisticCarControllerV3/Prefabs/Demo Vehicles/Jeep.prefab
  artifactKey: Guid(b6c8a12b979de084c9fcb410d00706b5) Importer(815301076,1909f56bfc062723c751e8b465ee728b)
Start importing Assets/Packages/RealisticCarControllerV3/Prefabs/Demo Vehicles/Jeep.prefab using Guid(b6c8a12b979de084c9fcb410d00706b5) Importer(815301076,1909f56bfc062723c751e8b465ee728b) [PhysX] Initialized MultithreadedTaskDispatcher with 12 workers.
 -> (artifact id: 'c471bf79ba7ea7d9392c10a457a18215') in 0.000477 seconds
Number of updated asset objects reloaded before import = 0
Number of asset objects unloaded after import = 0
========================================================================
Received Import Request.
  Time since last request: 0.000015 seconds.
  path: Assets/Packages/RealisticCarControllerV3/Prefabs/Demo Vehicles/M3_E46_New.prefab
  artifactKey: Guid(f5b24270dd3a52e4180206467601e919) Importer(815301076,1909f56bfc062723c751e8b465ee728b)
Start importing Assets/Packages/RealisticCarControllerV3/Prefabs/Demo Vehicles/M3_E46_New.prefab using Guid(f5b24270dd3a52e4180206467601e919) Importer(815301076,1909f56bfc062723c751e8b465ee728b) [PhysX] Initialized MultithreadedTaskDispatcher with 12 workers.
 -> (artifact id: '237f56424021467797a8e74b6a4d4e2d') in 0.000552 seconds
Number of updated asset objects reloaded before import = 0
Number of asset objects unloaded after import = 0
========================================================================
Received Import Request.
  Time since last request: 0.000015 seconds.
  path: Assets/Packages/RealisticCarControllerV3/Prefabs/Demo Vehicles/Model_Sofie@Driving by BUMSTRUM.prefab
  artifactKey: Guid(6fa73193fc7c3a040acf01c5757f473a) Importer(815301076,1909f56bfc062723c751e8b465ee728b)
Start importing Assets/Packages/RealisticCarControllerV3/Prefabs/Demo Vehicles/Model_Sofie@Driving by BUMSTRUM.prefab using Guid(6fa73193fc7c3a040acf01c5757f473a) Importer(815301076,1909f56bfc062723c751e8b465ee728b) [PhysX] Initialized MultithreadedTaskDispatcher with 12 workers.
 -> (artifact id: '11395230ae0a0d7143c81f9cccc88db9') in 0.000478 seconds
Number of updated asset objects reloaded before import = 0
Number of asset objects unloaded after import = 0
========================================================================
Received Import Request.
  Time since last request: 0.000015 seconds.
  path: Assets/Packages/RealisticCarControllerV3/Prefabs/Demo Vehicles/Pickup.prefab
  artifactKey: Guid(a333afaa2016d504aa0831cf3544672c) Importer(815301076,1909f56bfc062723c751e8b465ee728b)
Start importing Assets/Packages/RealisticCarControllerV3/Prefabs/Demo Vehicles/Pickup.prefab using Guid(a333afaa2016d504aa0831cf3544672c) Importer(815301076,1909f56bfc062723c751e8b465ee728b) [PhysX] Initialized MultithreadedTaskDispatcher with 12 workers.
 -> (artifact id: '1bcd4d906cf54f485d833ff8ca17b47f') in 0.000479 seconds
Number of updated asset objects reloaded before import = 0
Number of asset objects unloaded after import = 0
========================================================================
Received Import Request.
  Time since last request: 0.000017 seconds.
  path: Assets/Packages/RealisticCarControllerV3/Prefabs/Demo Vehicles/Truck.prefab
  artifactKey: Guid(850a87f0a0dbde941a5f90e91ca94920) Importer(815301076,1909f56bfc062723c751e8b465ee728b)
Start importing Assets/Packages/RealisticCarControllerV3/Prefabs/Demo Vehicles/Truck.prefab using Guid(850a87f0a0dbde941a5f90e91ca94920) Importer(815301076,1909f56bfc062723c751e8b465ee728b) [PhysX] Initialized MultithreadedTaskDispatcher with 12 workers.
 -> (artifact id: '519bba82009a5ec82954cc074aadfa9e') in 0.000752 seconds
Number of updated asset objects reloaded before import = 0
Number of asset objects unloaded after import = 0
========================================================================
Received Import Request.
  Time since last request: 2.554081 seconds.
  path: Assets/Packages/RealisticCarControllerV3/Prefabs/Demo Vehicles/Jeep.prefab
  artifactKey: Guid(b6c8a12b979de084c9fcb410d00706b5) Importer(815301076,1909f56bfc062723c751e8b465ee728b)
Start importing Assets/Packages/RealisticCarControllerV3/Prefabs/Demo Vehicles/Jeep.prefab using Guid(b6c8a12b979de084c9fcb410d00706b5) Importer(815301076,1909f56bfc062723c751e8b465ee728b) [PhysX] Initialized MultithreadedTaskDispatcher with 12 workers.
 -> (artifact id: 'c471bf79ba7ea7d9392c10a457a18215') in 0.000507 seconds
Number of updated asset objects reloaded before import = 0
Number of asset objects unloaded after import = 0
========================================================================
Received Import Request.
  Time since last request: 0.000013 seconds.
  path: Assets/Packages/RealisticCarControllerV3/Prefabs/Demo Vehicles/M3_E46_New.prefab
  artifactKey: Guid(f5b24270dd3a52e4180206467601e919) Importer(815301076,1909f56bfc062723c751e8b465ee728b)
Start importing Assets/Packages/RealisticCarControllerV3/Prefabs/Demo Vehicles/M3_E46_New.prefab using Guid(f5b24270dd3a52e4180206467601e919) Importer(815301076,1909f56bfc062723c751e8b465ee728b) [PhysX] Initialized MultithreadedTaskDispatcher with 12 workers.
 -> (artifact id: '237f56424021467797a8e74b6a4d4e2d') in 0.000380 seconds
Number of updated asset objects reloaded before import = 0
Number of asset objects unloaded after import = 0
========================================================================
Received Import Request.
  Time since last request: 0.000011 seconds.
  path: Assets/Packages/RealisticCarControllerV3/Prefabs/Demo Vehicles/Model_Sofie@Driving by BUMSTRUM.prefab
  artifactKey: Guid(6fa73193fc7c3a040acf01c5757f473a) Importer(815301076,1909f56bfc062723c751e8b465ee728b)
Start importing Assets/Packages/RealisticCarControllerV3/Prefabs/Demo Vehicles/Model_Sofie@Driving by BUMSTRUM.prefab using Guid(6fa73193fc7c3a040acf01c5757f473a) Importer(815301076,1909f56bfc062723c751e8b465ee728b) [PhysX] Initialized MultithreadedTaskDispatcher with 12 workers.
 -> (artifact id: '11395230ae0a0d7143c81f9cccc88db9') in 0.000371 seconds
Number of updated asset objects reloaded before import = 0
Number of asset objects unloaded after import = 0
========================================================================
Received Import Request.
  Time since last request: 0.000012 seconds.
  path: Assets/Packages/RealisticCarControllerV3/Prefabs/Demo Vehicles/Pickup.prefab
  artifactKey: Guid(a333afaa2016d504aa0831cf3544672c) Importer(815301076,1909f56bfc062723c751e8b465ee728b)
Start importing Assets/Packages/RealisticCarControllerV3/Prefabs/Demo Vehicles/Pickup.prefab using Guid(a333afaa2016d504aa0831cf3544672c) Importer(815301076,1909f56bfc062723c751e8b465ee728b) [PhysX] Initialized MultithreadedTaskDispatcher with 12 workers.
 -> (artifact id: '1bcd4d906cf54f485d833ff8ca17b47f') in 0.000586 seconds
Number of updated asset objects reloaded before import = 0
Number of asset objects unloaded after import = 0
========================================================================
Received Import Request.
  Time since last request: 0.000018 seconds.
  path: Assets/Packages/RealisticCarControllerV3/Prefabs/Demo Vehicles/Truck.prefab
  artifactKey: Guid(850a87f0a0dbde941a5f90e91ca94920) Importer(815301076,1909f56bfc062723c751e8b465ee728b)
Start importing Assets/Packages/RealisticCarControllerV3/Prefabs/Demo Vehicles/Truck.prefab using Guid(850a87f0a0dbde941a5f90e91ca94920) Importer(815301076,1909f56bfc062723c751e8b465ee728b) [PhysX] Initialized MultithreadedTaskDispatcher with 12 workers.
 -> (artifact id: '519bba82009a5ec82954cc074aadfa9e') in 0.000469 seconds
Number of updated asset objects reloaded before import = 0
Number of asset objects unloaded after import = 0
========================================================================
Received Import Request.
  Time since last request: 1.752043 seconds.
  path: Assets/Packages/RealisticCarControllerV3/Prefabs/Demo Vehicles/M3_E36.prefab
  artifactKey: Guid(0722a9e01046ddd4289c83d741ad6252) Importer(815301076,1909f56bfc062723c751e8b465ee728b)
Start importing Assets/Packages/RealisticCarControllerV3/Prefabs/Demo Vehicles/M3_E36.prefab using Guid(0722a9e01046ddd4289c83d741ad6252) Importer(815301076,1909f56bfc062723c751e8b465ee728b) [PhysX] Initialized MultithreadedTaskDispatcher with 12 workers.
 -> (artifact id: 'ae31cf530880263187bb47cec9c1a065') in 0.000583 seconds
Number of updated asset objects reloaded before import = 0
Number of asset objects unloaded after import = 0
========================================================================
Received Import Request.
  Time since last request: 0.000015 seconds.
  path: Assets/Packages/RealisticCarControllerV3/Prefabs/Demo Vehicles/Model_Skyline.prefab
  artifactKey: Guid(582ec036f71d2b84590c26a52a0a52b6) Importer(815301076,1909f56bfc062723c751e8b465ee728b)
Start importing Assets/Packages/RealisticCarControllerV3/Prefabs/Demo Vehicles/Model_Skyline.prefab using Guid(582ec036f71d2b84590c26a52a0a52b6) Importer(815301076,1909f56bfc062723c751e8b465ee728b) [PhysX] Initialized MultithreadedTaskDispatcher with 12 workers.
 -> (artifact id: '8ea5cf712d50a080a594ca71926569d2') in 0.000425 seconds
Number of updated asset objects reloaded before import = 0
Number of asset objects unloaded after import = 0
========================================================================
Received Import Request.
  Time since last request: 0.000013 seconds.
  path: Assets/Packages/RealisticCarControllerV3/Prefabs/Demo Vehicles/Model_Sofie@Driving by BUMSTRUM.prefab
  artifactKey: Guid(6fa73193fc7c3a040acf01c5757f473a) Importer(815301076,1909f56bfc062723c751e8b465ee728b)
Start importing Assets/Packages/RealisticCarControllerV3/Prefabs/Demo Vehicles/Model_Sofie@Driving by BUMSTRUM.prefab using Guid(6fa73193fc7c3a040acf01c5757f473a) Importer(815301076,1909f56bfc062723c751e8b465ee728b) [PhysX] Initialized MultithreadedTaskDispatcher with 12 workers.
 -> (artifact id: '11395230ae0a0d7143c81f9cccc88db9') in 0.000401 seconds
Number of updated asset objects reloaded before import = 0
Number of asset objects unloaded after import = 0
========================================================================
Received Import Request.
  Time since last request: 0.000012 seconds.
  path: Assets/Packages/RealisticCarControllerV3/Prefabs/Demo Vehicles/Skyline (AI Chaser).prefab
  artifactKey: Guid(1b1e43849c5000340a4d53ea10ba1744) Importer(815301076,1909f56bfc062723c751e8b465ee728b)
Start importing Assets/Packages/RealisticCarControllerV3/Prefabs/Demo Vehicles/Skyline (AI Chaser).prefab using Guid(1b1e43849c5000340a4d53ea10ba1744) Importer(815301076,1909f56bfc062723c751e8b465ee728b) [PhysX] Initialized MultithreadedTaskDispatcher with 12 workers.
 -> (artifact id: 'cc05af81dd22b8d3a5ba76a26f36bb8d') in 0.000614 seconds
Number of updated asset objects reloaded before import = 0
Number of asset objects unloaded after import = 0
========================================================================
Received Import Request.
  Time since last request: 0.000017 seconds.
  path: Assets/Packages/RealisticCarControllerV3/Prefabs/Demo Vehicles/M5_E30.prefab
  artifactKey: Guid(9a667d070a973084e998d8667e8d2818) Importer(815301076,1909f56bfc062723c751e8b465ee728b)
Start importing Assets/Packages/RealisticCarControllerV3/Prefabs/Demo Vehicles/M5_E30.prefab using Guid(9a667d070a973084e998d8667e8d2818) Importer(815301076,1909f56bfc062723c751e8b465ee728b) [PhysX] Initialized MultithreadedTaskDispatcher with 12 workers.
 -> (artifact id: '397f90d9387fee8ba8804320e30b9354') in 0.000479 seconds
Number of updated asset objects reloaded before import = 0
Number of asset objects unloaded after import = 0
========================================================================
Received Import Request.
  Time since last request: 0.569437 seconds.
  path: Assets/Packages/RealisticCarControllerV3/Prefabs/Demo Vehicles/M3_E36.prefab
  artifactKey: Guid(0722a9e01046ddd4289c83d741ad6252) Importer(815301076,1909f56bfc062723c751e8b465ee728b)
Start importing Assets/Packages/RealisticCarControllerV3/Prefabs/Demo Vehicles/M3_E36.prefab using Guid(0722a9e01046ddd4289c83d741ad6252) Importer(815301076,1909f56bfc062723c751e8b465ee728b) [PhysX] Initialized MultithreadedTaskDispatcher with 12 workers.
 -> (artifact id: 'ae31cf530880263187bb47cec9c1a065') in 0.000657 seconds
Number of updated asset objects reloaded before import = 0
Number of asset objects unloaded after import = 0
========================================================================
Received Import Request.
  Time since last request: 0.000014 seconds.
  path: Assets/Packages/RealisticCarControllerV3/Prefabs/Demo Vehicles/Model_Skyline.prefab
  artifactKey: Guid(582ec036f71d2b84590c26a52a0a52b6) Importer(815301076,1909f56bfc062723c751e8b465ee728b)
Start importing Assets/Packages/RealisticCarControllerV3/Prefabs/Demo Vehicles/Model_Skyline.prefab using Guid(582ec036f71d2b84590c26a52a0a52b6) Importer(815301076,1909f56bfc062723c751e8b465ee728b) [PhysX] Initialized MultithreadedTaskDispatcher with 12 workers.
 -> (artifact id: '8ea5cf712d50a080a594ca71926569d2') in 0.000427 seconds
Number of updated asset objects reloaded before import = 0
Number of asset objects unloaded after import = 0
========================================================================
Received Import Request.
  Time since last request: 0.000012 seconds.
  path: Assets/Packages/RealisticCarControllerV3/Prefabs/Demo Vehicles/Model_Sofie@Driving by BUMSTRUM.prefab
  artifactKey: Guid(6fa73193fc7c3a040acf01c5757f473a) Importer(815301076,1909f56bfc062723c751e8b465ee728b)
Start importing Assets/Packages/RealisticCarControllerV3/Prefabs/Demo Vehicles/Model_Sofie@Driving by BUMSTRUM.prefab using Guid(6fa73193fc7c3a040acf01c5757f473a) Importer(815301076,1909f56bfc062723c751e8b465ee728b) [PhysX] Initialized MultithreadedTaskDispatcher with 12 workers.
 -> (artifact id: '11395230ae0a0d7143c81f9cccc88db9') in 0.000453 seconds
Number of updated asset objects reloaded before import = 0
Number of asset objects unloaded after import = 0
========================================================================
Received Import Request.
  Time since last request: 0.000012 seconds.
  path: Assets/Packages/RealisticCarControllerV3/Prefabs/Demo Vehicles/Skyline (AI Chaser).prefab
  artifactKey: Guid(1b1e43849c5000340a4d53ea10ba1744) Importer(815301076,1909f56bfc062723c751e8b465ee728b)
Start importing Assets/Packages/RealisticCarControllerV3/Prefabs/Demo Vehicles/Skyline (AI Chaser).prefab using Guid(1b1e43849c5000340a4d53ea10ba1744) Importer(815301076,1909f56bfc062723c751e8b465ee728b) [PhysX] Initialized MultithreadedTaskDispatcher with 12 workers.
 -> (artifact id: 'cc05af81dd22b8d3a5ba76a26f36bb8d') in 0.000399 seconds
Number of updated asset objects reloaded before import = 0
Number of asset objects unloaded after import = 0
========================================================================
Received Import Request.
  Time since last request: 0.000014 seconds.
  path: Assets/Packages/RealisticCarControllerV3/Prefabs/Demo Vehicles/M5_E30.prefab
  artifactKey: Guid(9a667d070a973084e998d8667e8d2818) Importer(815301076,1909f56bfc062723c751e8b465ee728b)
Start importing Assets/Packages/RealisticCarControllerV3/Prefabs/Demo Vehicles/M5_E30.prefab using Guid(9a667d070a973084e998d8667e8d2818) Importer(815301076,1909f56bfc062723c751e8b465ee728b) [PhysX] Initialized MultithreadedTaskDispatcher with 12 workers.
 -> (artifact id: '397f90d9387fee8ba8804320e30b9354') in 0.000597 seconds
Number of updated asset objects reloaded before import = 0
Number of asset objects unloaded after import = 0
========================================================================
Received Import Request.
  Time since last request: 3.265281 seconds.
  path: Assets/Packages/RealisticCarControllerV3/Prefabs/Demo Vehicles/M3_E46_New.prefab
  artifactKey: Guid(f5b24270dd3a52e4180206467601e919) Importer(815301076,1909f56bfc062723c751e8b465ee728b)
Start importing Assets/Packages/RealisticCarControllerV3/Prefabs/Demo Vehicles/M3_E46_New.prefab using Guid(f5b24270dd3a52e4180206467601e919) Importer(815301076,1909f56bfc062723c751e8b465ee728b) [PhysX] Initialized MultithreadedTaskDispatcher with 12 workers.
 -> (artifact id: '237f56424021467797a8e74b6a4d4e2d') in 0.000455 seconds
Number of updated asset objects reloaded before import = 0
Number of asset objects unloaded after import = 0
========================================================================
Received Import Request.
  Time since last request: 0.000014 seconds.
  path: Assets/Packages/RealisticCarControllerV3/Prefabs/Demo Vehicles/Model_Sofie@Driving by BUMSTRUM.prefab
  artifactKey: Guid(6fa73193fc7c3a040acf01c5757f473a) Importer(815301076,1909f56bfc062723c751e8b465ee728b)
Start importing Assets/Packages/RealisticCarControllerV3/Prefabs/Demo Vehicles/Model_Sofie@Driving by BUMSTRUM.prefab using Guid(6fa73193fc7c3a040acf01c5757f473a) Importer(815301076,1909f56bfc062723c751e8b465ee728b) [PhysX] Initialized MultithreadedTaskDispatcher with 12 workers.
 -> (artifact id: '11395230ae0a0d7143c81f9cccc88db9') in 0.000503 seconds
Number of updated asset objects reloaded before import = 0
Number of asset objects unloaded after import = 0
========================================================================
Received Import Request.
  Time since last request: 0.000022 seconds.
  path: Assets/Packages/RealisticCarControllerV3/Prefabs/Demo Vehicles/Skyline (AI Chaser).prefab
  artifactKey: Guid(1b1e43849c5000340a4d53ea10ba1744) Importer(815301076,1909f56bfc062723c751e8b465ee728b)
Start importing Assets/Packages/RealisticCarControllerV3/Prefabs/Demo Vehicles/Skyline (AI Chaser).prefab using Guid(1b1e43849c5000340a4d53ea10ba1744) Importer(815301076,1909f56bfc062723c751e8b465ee728b) [PhysX] Initialized MultithreadedTaskDispatcher with 12 workers.
 -> (artifact id: 'cc05af81dd22b8d3a5ba76a26f36bb8d') in 0.000531 seconds
Number of updated asset objects reloaded before import = 0
Number of asset objects unloaded after import = 0
========================================================================
Received Import Request.
  Time since last request: 0.000022 seconds.
  path: Assets/Packages/RealisticCarControllerV3/Prefabs/Demo Vehicles/M5_E30.prefab
  artifactKey: Guid(9a667d070a973084e998d8667e8d2818) Importer(815301076,1909f56bfc062723c751e8b465ee728b)
Start importing Assets/Packages/RealisticCarControllerV3/Prefabs/Demo Vehicles/M5_E30.prefab using Guid(9a667d070a973084e998d8667e8d2818) Importer(815301076,1909f56bfc062723c751e8b465ee728b) [PhysX] Initialized MultithreadedTaskDispatcher with 12 workers.
 -> (artifact id: '397f90d9387fee8ba8804320e30b9354') in 0.000430 seconds
Number of updated asset objects reloaded before import = 0
Number of asset objects unloaded after import = 0
========================================================================
Received Import Request.
  Time since last request: 3.982776 seconds.
  path: Assets/Packages/RealisticCarControllerV3/Prefabs/Demo Vehicles/M5_E30.prefab
  artifactKey: Guid(9a667d070a973084e998d8667e8d2818) Importer(815301076,1909f56bfc062723c751e8b465ee728b)
Start importing Assets/Packages/RealisticCarControllerV3/Prefabs/Demo Vehicles/M5_E30.prefab using Guid(9a667d070a973084e998d8667e8d2818) Importer(815301076,1909f56bfc062723c751e8b465ee728b) [PhysX] Initialized MultithreadedTaskDispatcher with 12 workers.
 -> (artifact id: '397f90d9387fee8ba8804320e30b9354') in 0.000438 seconds
Number of updated asset objects reloaded before import = 0
Number of asset objects unloaded after import = 0
========================================================================
Received Import Request.
  Time since last request: 0.000013 seconds.
  path: Assets/Packages/RealisticCarControllerV3/Prefabs/Demo Vehicles/Model_Sofie@Driving by BUMSTRUM.prefab
  artifactKey: Guid(6fa73193fc7c3a040acf01c5757f473a) Importer(815301076,1909f56bfc062723c751e8b465ee728b)
Start importing Assets/Packages/RealisticCarControllerV3/Prefabs/Demo Vehicles/Model_Sofie@Driving by BUMSTRUM.prefab using Guid(6fa73193fc7c3a040acf01c5757f473a) Importer(815301076,1909f56bfc062723c751e8b465ee728b) [PhysX] Initialized MultithreadedTaskDispatcher with 12 workers.
 -> (artifact id: '11395230ae0a0d7143c81f9cccc88db9') in 0.000408 seconds
Number of updated asset objects reloaded before import = 0
Number of asset objects unloaded after import = 0
========================================================================
Received Import Request.
  Time since last request: 0.000010 seconds.
  path: Assets/Packages/RealisticCarControllerV3/Prefabs/Demo Vehicles/Skyline (AI Chaser).prefab
  artifactKey: Guid(1b1e43849c5000340a4d53ea10ba1744) Importer(815301076,1909f56bfc062723c751e8b465ee728b)
Start importing Assets/Packages/RealisticCarControllerV3/Prefabs/Demo Vehicles/Skyline (AI Chaser).prefab using Guid(1b1e43849c5000340a4d53ea10ba1744) Importer(815301076,1909f56bfc062723c751e8b465ee728b) [PhysX] Initialized MultithreadedTaskDispatcher with 12 workers.
 -> (artifact id: 'cc05af81dd22b8d3a5ba76a26f36bb8d') in 0.000596 seconds
Number of updated asset objects reloaded before import = 0
Number of asset objects unloaded after import = 0
========================================================================
Received Import Request.
  Time since last request: 8.514217 seconds.
  path: Assets/Packages/RealisticCarControllerV3/Prefabs/Demo Vehicles/Model_Skyline.prefab
  artifactKey: Guid(582ec036f71d2b84590c26a52a0a52b6) Importer(815301076,1909f56bfc062723c751e8b465ee728b)
Start importing Assets/Packages/RealisticCarControllerV3/Prefabs/Demo Vehicles/Model_Skyline.prefab using Guid(582ec036f71d2b84590c26a52a0a52b6) Importer(815301076,1909f56bfc062723c751e8b465ee728b) [PhysX] Initialized MultithreadedTaskDispatcher with 12 workers.
 -> (artifact id: '8ea5cf712d50a080a594ca71926569d2') in 0.000489 seconds
Number of updated asset objects reloaded before import = 0
Number of asset objects unloaded after import = 0
========================================================================
Received Import Request.
  Time since last request: 0.000014 seconds.
  path: Assets/Packages/RealisticCarControllerV3/Prefabs/Demo Vehicles/Model_Sofie@Driving by BUMSTRUM.prefab
  artifactKey: Guid(6fa73193fc7c3a040acf01c5757f473a) Importer(815301076,1909f56bfc062723c751e8b465ee728b)
Start importing Assets/Packages/RealisticCarControllerV3/Prefabs/Demo Vehicles/Model_Sofie@Driving by BUMSTRUM.prefab using Guid(6fa73193fc7c3a040acf01c5757f473a) Importer(815301076,1909f56bfc062723c751e8b465ee728b) [PhysX] Initialized MultithreadedTaskDispatcher with 12 workers.
 -> (artifact id: '11395230ae0a0d7143c81f9cccc88db9') in 0.000533 seconds
Number of updated asset objects reloaded before import = 0
Number of asset objects unloaded after import = 0
========================================================================
Received Import Request.
  Time since last request: 0.000016 seconds.
  path: Assets/Packages/RealisticCarControllerV3/Prefabs/Demo Vehicles/Skyline (AI Chaser).prefab
  artifactKey: Guid(1b1e43849c5000340a4d53ea10ba1744) Importer(815301076,1909f56bfc062723c751e8b465ee728b)
Start importing Assets/Packages/RealisticCarControllerV3/Prefabs/Demo Vehicles/Skyline (AI Chaser).prefab using Guid(1b1e43849c5000340a4d53ea10ba1744) Importer(815301076,1909f56bfc062723c751e8b465ee728b) [PhysX] Initialized MultithreadedTaskDispatcher with 12 workers.
 -> (artifact id: 'cc05af81dd22b8d3a5ba76a26f36bb8d') in 0.000388 seconds
Number of updated asset objects reloaded before import = 0
Number of asset objects unloaded after import = 0
========================================================================
Received Import Request.
  Time since last request: 8.922705 seconds.
  path: Assets/Packages/RealisticCarControllerV3/Prefabs/Demo Vehicles/Model_Sofie@Driving by BUMSTRUM.prefab
  artifactKey: Guid(6fa73193fc7c3a040acf01c5757f473a) Importer(815301076,1909f56bfc062723c751e8b465ee728b)
Start importing Assets/Packages/RealisticCarControllerV3/Prefabs/Demo Vehicles/Model_Sofie@Driving by BUMSTRUM.prefab using Guid(6fa73193fc7c3a040acf01c5757f473a) Importer(815301076,1909f56bfc062723c751e8b465ee728b) [PhysX] Initialized MultithreadedTaskDispatcher with 12 workers.
 -> (artifact id: '11395230ae0a0d7143c81f9cccc88db9') in 0.000538 seconds
Number of updated asset objects reloaded before import = 0
Number of asset objects unloaded after import = 0
========================================================================
Received Import Request.
  Time since last request: 0.000015 seconds.
  path: Assets/Packages/RealisticCarControllerV3/Prefabs/Demo Vehicles/Pickup.prefab
  artifactKey: Guid(a333afaa2016d504aa0831cf3544672c) Importer(815301076,1909f56bfc062723c751e8b465ee728b)
Start importing Assets/Packages/RealisticCarControllerV3/Prefabs/Demo Vehicles/Pickup.prefab using Guid(a333afaa2016d504aa0831cf3544672c) Importer(815301076,1909f56bfc062723c751e8b465ee728b) [PhysX] Initialized MultithreadedTaskDispatcher with 12 workers.
 -> (artifact id: '1bcd4d906cf54f485d833ff8ca17b47f') in 0.000558 seconds
Number of updated asset objects reloaded before import = 0
Number of asset objects unloaded after import = 0
========================================================================
Received Import Request.
  Time since last request: 0.000013 seconds.
  path: Assets/Packages/RealisticCarControllerV3/Prefabs/Demo Vehicles/Truck.prefab
  artifactKey: Guid(850a87f0a0dbde941a5f90e91ca94920) Importer(815301076,1909f56bfc062723c751e8b465ee728b)
Start importing Assets/Packages/RealisticCarControllerV3/Prefabs/Demo Vehicles/Truck.prefab using Guid(850a87f0a0dbde941a5f90e91ca94920) Importer(815301076,1909f56bfc062723c751e8b465ee728b) [PhysX] Initialized MultithreadedTaskDispatcher with 12 workers.
 -> (artifact id: '519bba82009a5ec82954cc074aadfa9e') in 0.000429 seconds
Number of updated asset objects reloaded before import = 0
Number of asset objects unloaded after import = 0
========================================================================
Received Import Request.
  Time since last request: 1.575063 seconds.
  path: Assets/Packages/RealisticCarControllerV3/Prefabs/Demo Vehicles/Model_Sofie@Driving by BUMSTRUM.prefab
  artifactKey: Guid(6fa73193fc7c3a040acf01c5757f473a) Importer(815301076,1909f56bfc062723c751e8b465ee728b)
Start importing Assets/Packages/RealisticCarControllerV3/Prefabs/Demo Vehicles/Model_Sofie@Driving by BUMSTRUM.prefab using Guid(6fa73193fc7c3a040acf01c5757f473a) Importer(815301076,1909f56bfc062723c751e8b465ee728b) [PhysX] Initialized MultithreadedTaskDispatcher with 12 workers.
 -> (artifact id: '11395230ae0a0d7143c81f9cccc88db9') in 0.000476 seconds
Number of updated asset objects reloaded before import = 0
Number of asset objects unloaded after import = 0
========================================================================
Received Import Request.
  Time since last request: 0.000014 seconds.
  path: Assets/Packages/RealisticCarControllerV3/Prefabs/Demo Vehicles/Skyline (AI Chaser).prefab
  artifactKey: Guid(1b1e43849c5000340a4d53ea10ba1744) Importer(815301076,1909f56bfc062723c751e8b465ee728b)
Start importing Assets/Packages/RealisticCarControllerV3/Prefabs/Demo Vehicles/Skyline (AI Chaser).prefab using Guid(1b1e43849c5000340a4d53ea10ba1744) Importer(815301076,1909f56bfc062723c751e8b465ee728b) [PhysX] Initialized MultithreadedTaskDispatcher with 12 workers.
 -> (artifact id: 'cc05af81dd22b8d3a5ba76a26f36bb8d') in 0.000487 seconds
Number of updated asset objects reloaded before import = 0
Number of asset objects unloaded after import = 0
========================================================================
Received Import Request.
  Time since last request: 20.133555 seconds.
  path: Assets/Packages/RealisticCarControllerV3/Prefabs/Demo Vehicles/Pickup.prefab
  artifactKey: Guid(a333afaa2016d504aa0831cf3544672c) Importer(815301076,1909f56bfc062723c751e8b465ee728b)
Start importing Assets/Packages/RealisticCarControllerV3/Prefabs/Demo Vehicles/Pickup.prefab using Guid(a333afaa2016d504aa0831cf3544672c) Importer(815301076,1909f56bfc062723c751e8b465ee728b) [PhysX] Initialized MultithreadedTaskDispatcher with 12 workers.
 -> (artifact id: '1bcd4d906cf54f485d833ff8ca17b47f') in 0.000608 seconds
Number of updated asset objects reloaded before import = 0
Number of asset objects unloaded after import = 0
========================================================================
Received Import Request.
  Time since last request: 0.000017 seconds.
  path: Assets/Packages/RealisticCarControllerV3/Prefabs/Demo Vehicles/Truck.prefab
  artifactKey: Guid(850a87f0a0dbde941a5f90e91ca94920) Importer(815301076,1909f56bfc062723c751e8b465ee728b)
Start importing Assets/Packages/RealisticCarControllerV3/Prefabs/Demo Vehicles/Truck.prefab using Guid(850a87f0a0dbde941a5f90e91ca94920) Importer(815301076,1909f56bfc062723c751e8b465ee728b) [PhysX] Initialized MultithreadedTaskDispatcher with 12 workers.
 -> (artifact id: '519bba82009a5ec82954cc074aadfa9e') in 0.000428 seconds
Number of updated asset objects reloaded before import = 0
Number of asset objects unloaded after import = 0
========================================================================
Received Import Request.
  Time since last request: 4.827419 seconds.
  path: Assets/Packages/RealisticCarControllerV3/Prefabs/Demo Vehicles/Pickup.prefab
  artifactKey: Guid(a333afaa2016d504aa0831cf3544672c) Importer(815301076,1909f56bfc062723c751e8b465ee728b)
Start importing Assets/Packages/RealisticCarControllerV3/Prefabs/Demo Vehicles/Pickup.prefab using Guid(a333afaa2016d504aa0831cf3544672c) Importer(815301076,1909f56bfc062723c751e8b465ee728b) [PhysX] Initialized MultithreadedTaskDispatcher with 12 workers.
 -> (artifact id: '1bcd4d906cf54f485d833ff8ca17b47f') in 0.000489 seconds
Number of updated asset objects reloaded before import = 0
Number of asset objects unloaded after import = 0
========================================================================
Received Import Request.
  Time since last request: 0.000026 seconds.
  path: Assets/Packages/RealisticCarControllerV3/Prefabs/Demo Vehicles/Truck.prefab
  artifactKey: Guid(850a87f0a0dbde941a5f90e91ca94920) Importer(815301076,1909f56bfc062723c751e8b465ee728b)
Start importing Assets/Packages/RealisticCarControllerV3/Prefabs/Demo Vehicles/Truck.prefab using Guid(850a87f0a0dbde941a5f90e91ca94920) Importer(815301076,1909f56bfc062723c751e8b465ee728b) [PhysX] Initialized MultithreadedTaskDispatcher with 12 workers.
 -> (artifact id: '519bba82009a5ec82954cc074aadfa9e') in 0.000439 seconds
Number of updated asset objects reloaded before import = 0
Number of asset objects unloaded after import = 0
========================================================================
Received Import Request.
  Time since last request: 22.664992 seconds.
  path: Assets/Packages/RealisticCarControllerV3/Prefabs/Demo Vehicles/Skyline (AI Chaser).prefab
  artifactKey: Guid(1b1e43849c5000340a4d53ea10ba1744) Importer(815301076,1909f56bfc062723c751e8b465ee728b)
Start importing Assets/Packages/RealisticCarControllerV3/Prefabs/Demo Vehicles/Skyline (AI Chaser).prefab using Guid(1b1e43849c5000340a4d53ea10ba1744) Importer(815301076,1909f56bfc062723c751e8b465ee728b) [PhysX] Initialized MultithreadedTaskDispatcher with 12 workers.
 -> (artifact id: 'cc05af81dd22b8d3a5ba76a26f36bb8d') in 0.000443 seconds
Number of updated asset objects reloaded before import = 0
Number of asset objects unloaded after import = 0
========================================================================
Received Import Request.
  Time since last request: 5.622211 seconds.
  path: Assets/Packages/RealisticCarControllerV3/Prefabs/Demo Vehicles/Skyline (AI Chaser).prefab
  artifactKey: Guid(1b1e43849c5000340a4d53ea10ba1744) Importer(815301076,1909f56bfc062723c751e8b465ee728b)
Start importing Assets/Packages/RealisticCarControllerV3/Prefabs/Demo Vehicles/Skyline (AI Chaser).prefab using Guid(1b1e43849c5000340a4d53ea10ba1744) Importer(815301076,1909f56bfc062723c751e8b465ee728b) [PhysX] Initialized MultithreadedTaskDispatcher with 12 workers.
 -> (artifact id: 'cc05af81dd22b8d3a5ba76a26f36bb8d') in 0.000467 seconds
Number of updated asset objects reloaded before import = 0
Number of asset objects unloaded after import = 0
========================================================================
Received Import Request.
  Time since last request: 20.588918 seconds.
  path: Assets/Packages/RealisticCarControllerV3/Prefabs/Demo Vehicles/Truck.prefab
  artifactKey: Guid(850a87f0a0dbde941a5f90e91ca94920) Importer(815301076,1909f56bfc062723c751e8b465ee728b)
Start importing Assets/Packages/RealisticCarControllerV3/Prefabs/Demo Vehicles/Truck.prefab using Guid(850a87f0a0dbde941a5f90e91ca94920) Importer(815301076,1909f56bfc062723c751e8b465ee728b) [PhysX] Initialized MultithreadedTaskDispatcher with 12 workers.
 -> (artifact id: '519bba82009a5ec82954cc074aadfa9e') in 0.000560 seconds
Number of updated asset objects reloaded before import = 0
Number of asset objects unloaded after import = 0
Editor requested this worker to shutdown with reason: Scaling down because of idle timeout
TcpMessagingSession - receive error: operation aborted. errorcode: 995, details: Bir iþ parçacýðý çýkýþý veya bir uygulama isteði nedeniyle G/Ç iþlemi iptal edildi.
AssetImportWorker is now disconnected from the server
Process exiting
Exiting without the bug reporter. Application will terminate with return code 0